STATION,ID,ELEV,LATITUDE,LONGITUDE,COUNTY,OPERATOR AGENCY
,,(FEET),,,,
NOT SPECIFIED,,,,,,
BUFFALO CREEK,BFC,3900,40.581902,-119.790001,State of Nevada,US Bureau of Land Management
CATALINA - WRIGLEY MARINE SCIENCE CENTER,CAT,121,33.446171,-118.482765,LOS ANGELES,Center for Western Weather and Water Extremes
SMITH R,,,,,,
CRAZY PEAK,CZP,3970,41.983002,-123.599998,DEL NORTE,CA Dept of Forestry and Fire Protection
OAK KNOLL,OKK,1940,41.833,-123.833,DEL NORTE,US Forest Service
ELK VALLEY,ELK,1705,41.988041,-123.718338,DEL NORTE,USGS/DWR-DFM-Hydro-SMN
GASQUET RANGER STATION,GAS,384,41.845161,-123.965103,DEL NORTE,USGS/DWR-DFM-Hydro-SMN
DR FINE BRIDGE 2,DR2,34,41.880173,-124.148285,DEL NORTE,CA Dept of Water Resources/DFM-Hydro-SMN
KLAMATH R,,,,,,
COLLINS BALDY,CLB,5493,41.775002,-122.950302,SISKIYOU,US Forest Service
CROWDER FLAT,CWF,5100,41.893398,-120.7519,MODOC,Natural Resources Conservation Service
ACORN WOMAN PEAK,SQP,4964,42.069698,-123.011703,SISKIYOU,US Forest Service
SLATER BUTTE,SRB,4670,41.858002,-123.353996,SISKIYOU,US Forest Service
KLAMATH NWR,KMN,4531,41.952999,-121.582001,SISKIYOU,US Fish & Wildlife Service
LOWER KLAMATH NWR,LKL,4098,41.999001,-121.699997,SISKIYOU,US Fish & Wildlife Service
BRAZIE RANCH,BZR,3020,41.687,-122.599998,SISKIYOU,CA Dept of Forestry and Fire Protection
SOMES BAR,SSB,920,41.333,-123.5,HUMBOLDT,US Forest Service
KLAMATH RIVER AT ORLEANS,OLS,430,41.303459,-123.5345,HUMBOLDT,USGS/DWR-DFM-Hydro-SMN
KLAMATH R NR KLAMATH (TURWAR CREEK),TUR,6,41.515228,-123.999123,DEL NORTE,USGS/DWR-DFM-Hydro-SMN
SHASTA R,,,,,,
WEED AIRPORT,WED,2930,41.478889,-122.45472,SISKIYOU,CA Dept of Forestry and Fire Protection
SHASTA R BLW CTY RD A-12 NR GRENADA,SBG,2490,41.649071,-122.499168,SISKIYOU,CA Dept of Water Resources/North Region Office
SCOTT R,,,,,,
SCOTT MOUNTAIN,SCT,5900,41.272202,-122.719482,SISKIYOU,US Bureau of Reclamation
QUARTZ HILL,QTZ,4238,41.599998,-122.929001,SISKIYOU,CA Dept of Forestry and Fire Protection
CALLAHAN (USFS),CHA,3136,41.333,-122.833,SISKIYOU,US Forest Service
SALMON R,,,,,,
SAWYERS BAR,SYB,4500,41.299999,-123.116997,SISKIYOU,US Forest Service
TRINITY R,,,,,,
PETERSON FLAT,PET,7150,41.302219,-122.527779,TRINITY,US Bureau of Reclamation
BONANZA KING,BNK,6450,41.083118,-122.631271,TRINITY,US Bureau of Reclamation
HIGHLAND LAKES,HIG,6030,41.091782,-122.491562,TRINITY,US Bureau of Reclamation
MUMBO BASIN,MUM,5650,41.197819,-122.525963,TRINITY,US Bureau of Reclamation
BIG FLAT,BFL,5100,41.077599,-122.94223,TRINITY,US Bureau of Reclamation
BACKBONE RAWS,BKB,4700,40.889198,-123.142197,TRINITY,National Weather Service
HOADLEY,HDL,4580,40.682999,-122.75,SHASTA,US Bureau of Reclamation
SCORPION,SCP,4400,41.112,-122.696999,TRINITY,US Forest Service
TRINITY GUARD STATION,TGS,4100,40.825001,-122.660004,TRINITY,US Bureau of Reclamation
HAYFORK,HYF,4000,40.5,-123.333,TRINITY,US Forest Service
TAYLOR RIDGE,TYR,4000,40.917,-122.817001,TRINITY,US Bureau of Reclamation
MUD SPRINGS,MUD,3400,40.712132,-123.289207,TRINITY,CA Dept of Water Resources/DFM-Hydro-SMN
LOWDEN,LWD,3120,40.689999,-122.831001,TRINITY,US Bureau of Land Management
COFFEE RIDGE,CFR,3040,41.083,-122.717003,TRINITY,US Bureau of Reclamation
FAWN LODGE,FWN,2800,40.625,-122.904999,TRINITY,CA Dept of Forestry and Fire Protection
GRASS VALLEY CREEK,GVO,2715,40.625,-122.760002,TRINITY,US Bureau of Reclamation
FIVE CENT,FVC,2550,40.759701,-122.930801,TRINITY,US Forest Service
COFFEE CREEK RANGER STATION,CFF,2503,41.089439,-122.708611,TRINITY,CA Dept of Water Resources/DFM-Hydro-SMN
TRINITY CAMP,TNC,2100,40.679001,-122.833,TRINITY,CA Dept of Forestry and Fire Protection
WEAVERVILLE RS,WVR,2050,40.733002,-122.949997,TRINITY,US Forest Service
LEWISTON FISH HATCHERY,LFH,1870,40.727001,-122.792999,TRINITY,US Bureau of Reclamation
TRINITY RIVER BELOW LIMEKILN GULCH,TLK,1650,40.673,-122.918999,TRINITY,US Geological Survey/US Bureau of Reclamation
BIG BAR,BGB,1270,40.733002,-123.199997,TRINITY,US Forest Service
TRINITY RIVER AT HOOPA,HPA,330,41.04985,-123.673668,HUMBOLDT,USGS/DWR-DFM-Hydro-SMN
REDWOOD CR,,,,,,
O'KANE (BLUE LAKE),OKN,850,40.905964,-123.815338,HUMBOLDT,USGS/DWR
REDWOOD CREEK AT ORICK,ORK,36,41.29929,-124.051186,HUMBOLDT,USGS/DWR-DFM-Hydro-SMN
MAD R,,,,,,
MAD RIVER (USFS),MDF,2775,40.463001,-123.524002,TRINITY,US Forest Service
RUTH LAKE,RTH,2700,40.318539,-123.374001,HUMBOLDT,USGS/DWR-DFM-Hydro-SMN
RUTH DAM,RTD,2675,40.367001,-123.432999,TRINITY,Humboldt Bay Muncipal Water District
EEL R,,,,,,
PLASKETT MEADOWS,PSM,6000,39.724998,-122.849998,GLENN,US Army Corps of Engineers
ZENIA,ZEN,4000,40.208401,-123.459793,TRINITY,CA Dept of Water Resources/DFM-Hydro-SMN
KETTENPOM,KET,3468,40.150002,-123.467003,TRINITY,CA Dept of Water Resources/Flood Management
RODEO VALLEY,RDO,2425,39.667,-123.32,MENDOCINO,CA Dept of Forestry and Fire Protection
LAYTONVILLE,LAY,1838,39.702,-123.485001,MENDOCINO,CA Dept of Forestry and Fire Protection
SCOTT DAM,SCD,1807,39.408298,-122.958603,LAKE,Pacific Gas & Electric
SODA CREEK,SOD,1773,39.425278,-122.977219,LAKE,US Forest Service
EEL RIVER (USFS),EEL,1500,39.833,-123.083,MENDOCINO,US Forest Service
COVELO,CLO,1487,39.826111,-123.084717,MENDOCINO,CA Dept of Water Resources/DFM-Hydro-SMN
ALDER POINT,ALD,923,40.231998,-123.711998,HUMBOLDT,CA Dept of Forestry and Fire Protection
SOUTH FORK EEL RIVER AT LEGGETT,LEG,747,39.874596,-123.720581,MENDOCINO,USGS/DWR-DFM-Hydro-SMN
EEL RIVER CAMP,ERC,470,40.138,-123.823997,HUMBOLDT,CA Dept of Forestry and Fire Protection
EEL RIVER AT FORT SEWARD,FSW,320,40.218201,-123.63253,HUMBOLDT,USGS/DWR-DFM-Hydro-SMN
EEL RIVER SF NR MIRANDA (AT SYLVANDALE),MRD,218,40.181808,-123.776146,HUMBOLDT,USGS/DWR-DFM-Hydro-SMN
VAN DUZEN R,,,,,,
BRIDGEVILLE,BGV,646,40.473881,-123.792809,HUMBOLDT,USGS/DWR-DFM-Hydro-SMN
MATTOLE R,,,,,,
COOSKIE MOUNTAIN,CSM,2950,40.257999,-124.25,HUMBOLDT,US Forest Service
HONEYDEW,HNY,370,40.237499,-124.132217,HUMBOLDT,USGS/DWR-DFM-Hydro-SMN
RUSSIAN R,,,,,,
NORTH COW MOUNTAIN,NCW,3416,39.1796,-123.080002,MENDOCINO,Center for Western Weather and Water Extremes
LYONS VALLEY,LYO,3200,39.125,-123.070999,LAKE,US Bureau of Land Management
WINDY GAP,WDG,2736,39.234371,-123.004951,LAKE,Center for Western Weather and Water Extremes
HELLS DELIGHT,HDH,2034,39.267715,-123.147308,MENDOCINO,Center for Western Weather and Water Extremes
HAWKEYE,HKY,2000,38.727001,-122.839996,SONOMA,CA Dept of Forestry and Fire Protection
WILLITS HOWARD RS,WIL,1925,39.350601,-123.321701,MENDOCINO,CA Dept of Water Resources/DFM-Hydro-SMN
POTTER VALLEY NORTH,PVN,1326,39.361259,-123.113213,MENDOCINO,Center for Western Weather and Water Extremes
VENADO,VEN,1260,38.6087,-123.018059,SONOMA,CA Dept of Water Resources/DFM-Hydro-SMN
BOYES CREEK CANYON,BOY,1139,39.34053,-123.16349,MENDOCINO,Center for Western Weather and Water Extremes
YORKVILLE,YOR,1100,38.904999,-123.23111,MENDOCINO,CA Dept of Water Resources/DFM-Hydro-SMN
POTTER VALLEY,PTV,1080,39.364399,-123.127197,MENDOCINO,US Army Corps of Engineers
POTTER VALLEY PH,PVP,1020,39.367001,-123.133003,MENDOCINO,Pacific Gas & Electric
DEERWOOD,DRW,919,39.19772,-123.15992,MENDOCINO,Center for Western Weather and Water Extremes
COYOTE (LAKE MENDOCINO),COY,720,39.196999,-123.185997,MENDOCINO,US Army Corps of Engineers
LAKE MENDOCINO WEATHER,CDW,670,39.203098,-123.185303,MENDOCINO,US Army Corps of Engineers
SANTA ROSA (CDF),STA,560,38.479,-122.711998,SONOMA,CA Dept of Forestry and Fire Protection
WARM SPRINGS (LAKE SONOMA),WRS,440,38.723,-123.010002,SONOMA,US Army Corps of Engineers
LAKE SONOMA WEATHER,LSW,224,38.716099,-122.996696,SONOMA,US Army Corps of Engineers
RUSSIAN RIVER AT CLOVERDALE,CLV,107,38.879349,-123.053612,MENDOCINO,CA Dept of Water Resources/DFM-Hydro-SMN
AUSTIN CREEK,ACS,1,38.564003,-123.01458,SONOMA,Center for Western Weather and Water Extremes
NAVARRO RIVER,,,,,,
BOONVILLE,BNV,840,38.987499,-123.348602,MENDOCINO,CA Dept of Forestry and Fire Protection
COAST-MARIN,,,,,,
POINT REYES,PTR,80,38.083,-122.949997,MARIN,National Weather Service
PETALUMA R,,,,,,
LICHAU CREEK,LIC,600,38.317001,-122.633003,SONOMA,City of Petaluma
PETALUMA RIVER NR CORONA ROAD,CRD,30,38.266998,-122.667,SONOMA,City of Petaluma
PETALUMA RIVER AT D STREET BRIDGE,PTB,10,38.233002,-122.635002,SONOMA,City of Petaluma
NAPA R,,,,,,
ANGWIN,ANG,1815,38.571201,-122.433197,NAPA,CA Dept of Water Resources/DFM-Hydro-SMN
ST. HELENA 4WSW,SH4,1729,38.493061,-122.539719,NAPA,CA Dept of Water Resources/DFM-Hydro-SMN
ATLAS PEAK,ATL,1660,38.428333,-122.248337,NAPA,CA Dept of Water Resources/DFM-Hydro-SMN
SODA CREEK,,,,,,
SODA CK NR NAPA,SDK,200,38.376148,-122.2827,NAPA,Napa County
EAST BAY,,,,,,
MOUNT DIABLO,MTD,3849,37.881599,-121.914101,CONTRA COSTA,San Ramon Valley Fire District
MOUNT DIABLO PEAK,DBL,3690,37.880001,-121.917999,CONTRA COSTA,Contra Costa County
ROSE PEAK,RSP,3060,37.501999,-121.736,ALAMEDA,East Bay Regional Parks Fire-Rescue Services
JOHNSON RANCH,JNR,2042,37.666698,-121.603996,ALAMEDA,San Joaquin County
ROCKY RIDGE,RKY,2020,37.817001,-122.061996,CONTRA COSTA,Contra Costa County
TILDEN PARK,TLD,1905,37.883598,-122.221901,CONTRA COSTA,Contra Costa County
KREGOR PEAK,KGR,1894,37.943001,-121.889999,CONTRA COSTA,Contra Costa County
LAS TRAMPAS,LTR,1760,37.834,-122.067001,CONTRA COSTA,East Bay Regional Parks Fire-Rescue Services
BLACK DIAMOND MINES,BKD,1600,37.950001,-121.884003,CONTRA COSTA,East Bay Regional Parks Fire-Rescue Services
OAKLAND NORTH,ONO,1500,37.867001,-122.217003,ALAMEDA,Oakland Fire Services Agency
BRIONES,BNE,1450,37.933998,-122.117996,CONTRA COSTA,East Bay Regional Parks Fire-Rescue Services
OAKLAND SOUTH,OSO,1000,37.788101,-122.1436,ALAMEDA,Oakland Fire Services Agency
CUMMINGS PEAK,CMG,895,38.028,-122.196999,CONTRA COSTA,Contra Costa County
ARROYO DEL HAMBRE,ABA,800,37.977001,-122.178001,CONTRA COSTA,Contra Costa County
ORINDA FIRE STATION 43,ODA,700,37.89957,-122.17067,CONTRA COSTA,Contra Costa County
ST MARYS COLLEGE,SMC,620,37.841999,-122.107002,CONTRA COSTA,Contra Costa County
RODDY RANCH GOLF CLUB,RRG,403,37.923599,-121.785797,CONTRA COSTA,Contra Costa County
DUBLIN-SAN RAMON FIRE HOUSE,DBF,355,37.731998,-121.927002,CONTRA COSTA,Contra Costa County
MARSH CREEK RESERVOIR,MAC,205,37.889999,-121.724998,CONTRA COSTA,Contra Costa County
KELLOGG CREEK NEAR BYRON,KEL,183,37.255001,-121.695,CONTRA COSTA,Contra Costa County
ROSSMOOR,RSS,146,37.870602,-122.0644,CONTRA COSTA,Contra Costa County
BRENTWOOD - CONTRA COSTA CO CORP YARD,BTD,95,37.919998,-121.678001,CONTRA COSTA,Contra Costa County
YGNACIO VALLEY FIRE,YGF,83,37.938,-122.028,CONTRA COSTA,Contra Costa County
WEAPONS STATION FIRE,WSF,49,38.019001,-122.019997,CONTRA COSTA,Contra Costa County
TASSAJARA,TAS,30,37.787441,-121.874947,CONTRA COSTA,Contra Costa County
RODEO FIRE DEPARTMENT,ROF,30,38.035,-122.269997,CONTRA COSTA,Contra Costa County
GRAYSON CREEK AT CITY YARD,GCC,23,37.962959,-122.066391,CONTRA COSTA,Contra Costa County
ALAMEDA CR,,,,,,
POVERTY,POV,2066,37.443054,-121.770554,SANTA CLARA,San Francisco PUC
MISSION PEAK,MSP,1580,37.516998,-121.883003,ALAMEDA,National Weather Service
CALAVERAS ROAD,CAD,1140,37.553101,-121.843903,ALAMEDA,San Francisco PUC
TEST STATION,TTT,1000,34.299999,-120.699997,ALAMEDA,CA Dept of Water Resources
CALAVERAS COTTAGE,CCT,822,37.488319,-121.820786,SANTA CLARA,San Francisco PUC
LOS GATOS CR (NEAR SAN JOSE),,,,,,
LOS GATOS,LSG,646,37.206799,-121.942802,SANTA CLARA,CA Dept of Forestry and Fire Protection
SAN JOSE (ALERT),SJE,58,37.362,-121.927002,SANTA CLARA,Santa Clara County
BAYSIDE-SAN MATEO,,,,,,
LOS ALTOS HILLS,LSA,2001,37.358101,-122.147202,SANTA CLARA,CA Dept of Forestry and Fire Protection
SAN ANTONIO CR (SF BAY),,,,,,
SWEETWATER (CDF),SWW,2150,37.396999,-121.485001,SANTA CLARA,CA Dept of Forestry and Fire Protection
SAN MATEO CREEK,,,,,,
SPRING VALLEY,SVA,1075,37.5625,-122.435997,SAN MATEO,San Francisco PUC
CAHILL RIDGE,CRI,1044,37.510201,-122.374001,SAN MATEO,San Francisco PUC
PILARCITOS DAM,PLD,700,37.548,-122.421997,SAN MATEO,San Francisco PUC
PULGAS,PUL,644,37.474998,-122.297997,SAN MATEO,San Francisco PUC
NORTH SAN ANDREAS,NSN,617,37.612,-122.443001,SAN MATEO,San Francisco PUC
SAN ANDREAS COTTAGE,SNA,464,37.578999,-122.408997,SAN MATEO,City of San Francisco
LOWER CRYSTAL SPRINGS,LCS,424,37.532501,-122.362999,SAN MATEO,San Francisco PUC
CRYSTAL SPRINGS COTTAGE,CSC,343,37.495998,-122.329002,SAN MATEO,San Francisco PUC
SAN GREGORIO CR,,,,,,
LA HONDA,LAH,425,37.305302,-122.253899,SAN MATEO,CA Dept of Forestry and Fire Protection
SF BAY,,,,,,
MT. UMUNHUM #2,UMN,3090,37.158001,-121.903999,SANTA CLARA,Santa Clara County
MARSH CREEK FIRE,MRH,740,37.894901,-121.863503,CONTRA COSTA,Contra Costa County
CONCORD PAVILION,CCP,558,37.985001,-121.937698,CONTRA COSTA,Contra Costa County
DANVILLE LIBRARY,DVB,364,37.820801,-121.995598,CONTRA COSTA,Contra Costa County
LOS MEDANOS,LSM,130,37.997299,-121.8564,CONTRA COSTA,Contra Costa County
RICHMOND CITY HALL,RHL,55,37.936901,-122.342697,CONTRA COSTA,Contra Costa County
SAN LEANDRO BAY,SLE,10,37.700001,-122.217003,ALAMEDA,Alameda County
PALO ALTO 3E,PAA,7,37.438999,-122.107002,SANTA CLARA,Santa Clara County
ARROYO CORTE MADERA DEL PRESIDIO,ACM,3,37.897999,-122.535004,MARIN,Marin County
GOLDEN GATE,GGT,0,37.810001,-122.473999,SAN FRANCISCO,National Weather Service
SAN LORENZO R,,,,,,
LAS CUMBRES,LCM,2760,37.208,-122.063004,SANTA CRUZ,Santa Cruz County
BEN LOMOND (CDF),BLO,2630,37.132,-122.169998,SANTA CRUZ,CA Dept of Forestry and Fire Protection
ORMSBY ROAD,ORR,2302,37.066898,-121.823997,SANTA CRUZ,Santa Cruz County
SCHULTIES RD,SCH,1400,37.132999,-121.969002,SANTA CRUZ,Santa Cruz County
APTOS CREEK AT RIDER ROAD,APT,1123,37.036098,-121.852798,SANTA CRUZ,Santa Cruz County
LEWIS TANK,LWT,1094,37.0984,-122.059174,SANTA CRUZ,San Lorenzo Valley Water District
RIVERSIDE GROVE,RVG,1020,37.174679,-122.150093,SANTA CRUZ,San Lorenzo Valley Water District
BOULDER CREEK,BDC,800,37.141998,-122.163002,SANTA CRUZ,Santa Cruz County
SAN LORENZO VALLEY WATER DISTRICT,VWD,495,37.123444,-122.121864,SANTA CRUZ,San Lorenzo Valley Water District
OLIVE SPRINGS QUARRY,OLV,480,37.063,-121.925003,SANTA CRUZ,Santa Cruz County
BATES CREEK RANCH,BAK,440,37.020802,-121.93,SANTA CRUZ,Santa Cruz County
BEN LOMOND,BLN,365,37.092999,-122.074997,SANTA CRUZ,Santa Cruz County
SOQUEL CREEK,SQL,30,36.983002,-121.949997,SANTA CRUZ,Santa Cruz County
SANTA CRUZ CO COAST,,,,,,
BONNY DOON FIRE STATION ON MARTIN ROAD,T02,1611,37.051132,-122.139023,SANTA CRUZ,National Weather Service
CHALKS,CKS,1585,37.160999,-122.292,SANTA CRUZ,CA Dept of Forestry and Fire Protection
BOYER CREEK,X09,1500,37.107014,-122.209488,SANTA CRUZ,CA Dept of Water Resources/DFM-Hydro-SMN
BIG BASIN STATE PARK,T01,1377,37.183693,-122.204163,SANTA CRUZ,National Weather Service
COAST DAIRIES,XCD,723,37.030834,-122.187851,SANTA CRUZ,US Bureau of Land Management
LIDELL,LDL,577,37.024166,-122.150497,SANTA CRUZ,City of Santa Cruz
DAVENPORT,DAP,200,37.019699,-122.191704,SANTA CRUZ,Santa Cruz County
SAN BENITO R,,,,,,
SANTA RITA,SRI,5000,36.348,-120.598,SAN BENITO,CA Dept of Forestry and Fire Protection
HERNANDEZ,HDZ,3752,36.382999,-120.853996,SAN BENITO,CA Dept of Forestry and Fire Protection
IDRIA,IDR,2400,36.4161,-120.671387,FRESNO,CA Dept of Water Resources/Operations and Maintenance
MOUNT MADONNA,MMD,1822,37.011002,-121.702003,SANTA CLARA,Santa Clara County
PAJARO R,,,,,,
BURRELL STATION,BRL,1850,37.109001,-121.905998,SANTA CRUZ,Santa Cruz County
EUREKA CANYON (CORRALITOS 6NW),EKN,1700,37.035999,-121.803001,SANTA CRUZ,Santa Cruz County
CORRALITOS,COR,450,36.992001,-121.796997,SANTA CRUZ,CA Dept of Forestry and Fire Protection
PLEASANT VALLEY,PLV,360,36.9897,-121.830597,SANTA CRUZ,Santa Cruz County
CORRALITOS CREEK AT FREEDOM,CCF,100,36.939201,-121.769203,SANTA CRUZ,Santa Cruz County
PAJARO RIVER AT CHITTENDEN,CHT,82,36.90023,-121.597725,SANTA CRUZ,USGS/DWR
SALINAS R,,,,,,
CASTLE MOUNTAIN,CMT,4000,35.942001,-120.328003,FRESNO,CA Dept of Water Resources/Operations and Maintenance
SMITH MOUNTAIN,SMI,3920,36.083,-120.608002,MONTEREY,CA Dept of Water Resources/Operations and Maintenance
BRANCH MOUNTAIN,BMO,3770,35.188999,-120.083,SAN LUIS OBISPO,US Forest Service
BLACK MOUNTAIN,BLM,3625,35.394718,-120.352501,SAN LUIS OBISPO,CA Dept of Water Resources/DFM-Hydro-SMN
MUSTANG RIDGE,MTG,2700,36.193001,-120.759003,MONTEREY,Monterey County
GLORIA GRADE,GGR,1960,36.532001,-121.277,MONTEREY,Monterey County
LA PANZA,LPZ,1650,35.3806,-120.188103,SAN LUIS OBISPO,CA Dept of Forestry and Fire Protection
PARKFIELD,PKF,1535,35.898998,-120.431999,MONTEREY,CA Dept of Forestry and Fire Protection
SANTA MARGARITA BOOSTER,SMB,1100,35.37389,-120.637497,SAN LUIS OBISPO,CA Dept of Water Resources/DFM-Hydro-SMN
ARROYO SECO,ARY,980,36.23,-121.487999,MONTEREY,US Forest Service
LIMEKILN,LIM,916,36.51276,-121.54081,MONTEREY,Monterey County
LAS TABLAS,LTB,900,35.656387,-120.924164,SAN LUIS OBISPO,CA Dept of Forestry and Fire Protection
FORT ORD,FTD,768,36.598999,-121.752998,MONTEREY,US Forest Service
SALINAS RIVER AT PASO ROBLES,PAS,700,35.628582,-120.684334,SAN LUIS OBISPO,USGS/DWR
ESTRELLA RIVER NEAR ESTRELLA,EST,672,35.71722,-120.639168,SAN LUIS OBISPO,USGS/DWR
FORT ORD #2,FO2,490,36.626999,-121.786003,MONTEREY,US Army
FORT ORD #1,FO1,460,36.626999,-121.797997,MONTEREY,US Army
SALINAS RIVER NEAR BRADLEY,BRA,443,35.930244,-120.86879,MONTEREY,USGS/DWR
CARMEL R,,,,,,
CHEWS RIDGE,CHW,5040,36.312,-121.57,MONTEREY,Monterey County
VENTANA CONE,VTC,4750,36.299999,-121.713997,MONTEREY,Monterey County
PONCIANO RIDGE,PNR,2610,36.400002,-121.723,MONTEREY,Monterey County
HASTINGS,HTG,1824,36.388,-121.551003,MONTEREY,CA Dept of Forestry and Fire Protection
MONTEREY COAST,,,,,,
MINING RIDGE,MNG,4710,36.081001,-121.496002,MONTEREY,Monterey County
POINT PINOS,PPN,55,36.518002,-121.931,MONTEREY,Monterey County
CARRIZO CR,,,,,,
CARRIZO,CZO,2490,35.096001,-119.773003,SAN LUIS OBISPO,CA Dept of Forestry and Fire Protection
ARROYO GRANDE CREEK,,,,,,
ARROYO GRANDE,ARG,600,35.117001,-120.417,SAN LUIS OBISPO,CA Dept of Forestry and Fire Protection
SANTA MARIA R,,,,,,
BATES RIDGE,BTS,5120,34.917,-119.917,SANTA BARBARA,Santa Barbara County
TWITCHELL,TWT,692,34.983002,-120.317001,SAN LUIS OBISPO,US Bureau of Reclamation
SISQUOC R,,,,,,
SANTA BARBARA PORTRERO,SBT,5300,34.770561,-119.651901,SANTA BARBARA,Santa Barbara County
SISQUOC RIVER AT GAREY,GRY,354,34.839703,-120.168205,SANTA BARBARA,US Geological Survey
SANTA YNEZ R,,,,,,
WEST BIG PINE,WBP,6360,34.690559,-119.664436,SANTA BARBARA,Santa Barbara County
FIGUEROA,FIG,3200,34.734001,-120.007004,SANTA BARBARA,US Forest Service
FIGUEROA MOUNTAIN,FGR,3200,34.7514,-120.007202,SANTA BARBARA,Santa Barbara County
SAN MARCOS,SMA,2200,34.516998,-119.817001,SANTA BARBARA,US Forest Service
VANDENBERG,VAN,1050,34.758999,-120.486,SANTA BARBARA,US Forest Service
CACHUMA LAKE,CCH,781,34.583,-119.980003,SANTA BARBARA,US Bureau of Reclamation
COAST-MORRO BAY,,,,,,
LOS OSOS,LSO,130,35.321999,-120.801003,SAN LUIS OBISPO,National Weather Service
S BARBARA COAST,,,,,,
MONTECITO,MTC,1500,34.459999,-119.642998,SANTA BARBARA,US Forest Service
SANTA ROSA ISLAND,ROS,1250,33.966999,-120.067001,SANTA BARBARA,National Park Service
SANTA CRUZ ISLAND,SCZ,600,34.016998,-119.782997,SANTA BARBARA,National Park Service
VENTURA LA COASTAL,,,,,,
WILEY RIDGE,WLY,1665,34.3717,-118.840797,VENTURA,Ventura Cty Air Polution Control District
CHEESEBORO,CHE,1650,34.1847,-118.717201,VENTURA,National Park Service
TOPANGA RAWS,TPG,1600,34.136398,-118.605003,LOS ANGELES,Los Angeles County Fire Dept
MALIBU,MLB,1575,34.061699,-118.643997,LOS ANGELES,Los Angeles County Fire Dept
MALIBU CANYON,MCY,610,34.0839,-118.7033,LOS ANGELES,Los Angeles County
LEO CARRILLO STATE PARK,LCL,50,34.046001,-118.935997,LOS ANGELES,Los Angeles County Fire Dept
CUYAMA R,,,,,,
OZENA,OZN,3670,34.681999,-119.353996,VENTURA,US Forest Service
VENTURA R,,,,,,
NORDHOFF RIDGE,NRD,4100,34.509998,-119.230003,VENTURA,Ventura County
CIRCLE X RANCH,CXR,1700,34.109001,-118.935997,VENTURA,Ventura County
SAN ANTONIO CR (SOUTH COAST),,,,,,
OJAI,OJA,765,34.448002,-119.230003,VENTURA,Ventura County
U SANTA CLARA R,,,,,,
GRASS MTN,GMT,4626,34.640835,-118.414169,LOS ANGELES,US Forest Service
ROSE VALLEY,ROV,3331,34.535999,-119.183998,VENTURA,CA Dept of Forestry and Fire Protection
SANTA CLARA R,,,,,,
ALAMO MOUNTAIN,AOM,6700,34.670277,-118.980003,VENTURA,Ventura County
CHUCHUPATE,CUU,5280,34.806389,-119.013336,VENTURA,Ventura County
LOCKWOOD VALLEY ROAD,LOK,5150,34.733891,-119.100555,VENTURA,Ventura County
SAN GUILLERMO,GMO,5138,34.657223,-119.17028,VENTURA,Ventura County
SYCAMORE CANYON,SYC,4800,34.583,-119.075996,VENTURA,Ventura County
BORACHO SADDLE,BHO,4350,34.605278,-118.908607,VENTURA,Ventura County
WHITAKER,WTK,4120,34.569,-118.739998,LOS ANGELES,Los Angeles County Fire Dept
WARM SPRINGS (USFS),WSG,4020,34.583,-118.550003,LOS ANGELES,US Forest Service
GORMAN,GOR,4000,34.796391,-118.857498,LOS ANGELES,Los Angeles County
CAMP 9,CP9,3998,34.353199,-118.418602,LOS ANGELES,Los Angeles County Fire Dept
MINT CANYON FIRE STATION,MTN,2791,34.50861,-118.361946,LOS ANGELES,Los Angeles County
ALISO CANYON,ALO,2780,34.328999,-118.555,VENTURA,Ventura County
ACTON,ACN,2600,34.445999,-118.199997,LOS ANGELES,Los Angeles County Fire Dept
CASTAIC POWERHOUSE,CTP,2286,34.588612,-118.65667,LOS ANGELES,Los Angeles County
NEWHALL PASS,NHP,2135,34.336899,-118.520302,LOS ANGELES,Los Angeles County Fire Dept
CASTAIC FIRE STATION 149,CAK,1697,34.496666,-118.615837,LOS ANGELES,Los Angeles County
SAUGUS,SAU,1450,34.424999,-118.525002,LOS ANGELES,Los Angeles County Fire Dept
DEL VALLE,DVL,1278,34.431,-118.666,LOS ANGELES,Los Angeles County Fire Dept
SOUTH MOUNTAIN EAST,SME,1020,34.300999,-119.043999,VENTURA,Ventura County
SIMI VALLEY,SMV,914,34.291199,-118.7976,VENTURA,Ventura County
THOUSAND OAKS RAWS,TOK,795,34.209999,-118.870003,VENTURA,Ventura County Fire
PIRU,PIU,624,34.403999,-118.809998,VENTURA,Ventura County
VENTURA COUNTY GOVERNMENT CENTER,VTU,280,34.268002,-119.209,VENTURA,Ventura County
CALLEGUAS CREEK - CSU CHANNEL ISLANDS,CCI,70,34.18,-119.040001,VENTURA,US Geological Survey
ANTELOPE VALLEY,,,,,,
BIG PINES,BPI,6917,34.379166,-117.687798,LOS ANGELES,US Forest Service
VALYERMO,VLY,3780,34.445999,-117.850998,LOS ANGELES,US Forest Service
ANTELOPE VALLEY CALIF POPPY RESERVE,POP,2760,34.737999,-118.403999,LOS ANGELES,Los Angeles County Fire Dept
SADDLEBACK BUTTE,SDD,2590,34.667999,-117.820999,LOS ANGELES,Los Angeles County Fire Dept
PIRU CR,,,,,,
LAKE PIRU AT TEMESCAL,LPU,1103,34.474442,-118.761108,VENTURA,Ventura County
PIRU CANYON NEAR LAKE PIRU,PCQ,100,34.513332,-118.756699,LOS ANGELES,Ventura County Watershed Protection District
PYRAMID LAKE VISITORS CENTER,PYL,100,34.66,-118.764198,LOS ANGELES,Ventura County Watershed Protection District
LOS ANGELES R,,,,,,
CLEAR CREEK RAWS,CEK,3000,34.271,-118.153,LOS ANGELES,US Forest Service
HENNINGER FLATS,HEN,2800,34.195,-118.093399,LOS ANGELES,Los Angeles County Fire Dept
TANBARK ANGELES NF,TAN,2730,34.167,-117.766998,LOS ANGELES,US Forest Service
SAN RAFAEL HILLS,SRA,1770,34.194199,-118.212502,LOS ANGELES,Los Angeles County Fire Dept
CLAREMONT,CMO,1645,34.137001,-117.707001,LOS ANGELES,Los Angeles County Fire Dept
THOMPSON CREEK DAM,THP,1600,34.139,-117.709,LOS ANGELES,Los Angeles County
LIVE OAK CANYON - LIVE OAK DAM,LVO,1510,34.133999,-117.744003,LOS ANGELES,Los Angeles County
LITTLE TUJUNGA,LTJ,1390,34.293999,-118.361,LOS ANGELES,US Forest Service
BEVERLY HILLS,BHL,1260,34.125,-118.419998,LOS ANGELES,Los Angeles County Fire Dept
SAN GABRIEL R,,,,,,
CHILAO,CIO,5450,34.333,-118.032997,LOS ANGELES,US Forest Service
CRYSTAL LAKE BAER,CSB,5447,34.326,-117.836998,LOS ANGELES,US Forest Service
MILL CREEK NEAR LA CANADA,MLC,3510,34.384724,-118.066704,LOS ANGELES,US Forest Service
BURRO CANYON BAER,BCN,2121,34.245998,-117.837997,LOS ANGELES,US Forest Service
BIG DALTON DAM,BDD,1587,34.169998,-117.807999,LOS ANGELES,Los Angeles County
SAN DIMAS DAM,SND,1350,34.153,-117.771004,LOS ANGELES,Los Angeles County
SAN DIMAS CK AT PUDDINGSTON DIVERSN,PUD,1130,34.120998,-117.781998,LOS ANGELES,Los Angeles County
WALNUT CREEK AT PUDDINGSTONE DAM,PDD,1030,34.091999,-117.806999,LOS ANGELES,Los Angeles County
WHITTIER HILLS WILDERNESS PRESERVE,WWP,950,33.984001,-118.010002,LOS ANGELES,Los Angeles County Fire Dept
WALNUT CREEK SB,WLN,520,34.074001,-117.874001,LOS ANGELES,Los Angeles County
SANTA FE,SAF,500,34.126099,-117.946404,LOS ANGELES,Los Angeles County Fire Dept
LYTLE CR,,,,,,
MORMON ROCK,MRN,3300,34.317001,-117.501999,SAN BERNARDINO,US Forest Service
DEER CREEK DAM,DEC,2320,34.168999,-117.501999,SAN BERNARDINO,San Bernardino County
DAY CANYON,DYC,2240,34.167999,-117.537003,SAN BERNARDINO,San Bernardino County
DEVORE,DEV,2070,34.221111,-117.404442,SAN BERNARDINO,CA Dept of Forestry and Fire Protection
GLEN HELEN REGIONAL PARK,GLH,2040,34.209,-117.404999,SAN BERNARDINO,San Bernardino County
ARROWHEAD SPRINGS HOTEL,ARS,2000,34.183998,-117.264,SAN BERNARDINO,San Bernardino County
SAN JACINTO R,,,,,,
KEENWILD,KNW,4920,33.714001,-116.713997,RIVERSIDE,US Forest Service
ANZA,ANZ,3920,33.555801,-116.6744,RIVERSIDE,CA Dept of Forestry and Fire Protection
EL CARISO,ECA,3038,33.650002,-117.410004,RIVERSIDE,US Forest Service
JUNIPER FLATS,JUN,2200,33.769001,-117.083,RIVERSIDE,CA Dept of Forestry and Fire Protection
SANTA ROSA PLATEAU,SAR,1980,33.528999,-117.231003,RIVERSIDE,CA Dept of Forestry and Fire Protection
CRANSTON,CNS,1950,33.740002,-116.841003,RIVERSIDE,US Forest Service
CLARK TRAINING CENTER,CRK,1720,33.877201,-117.304199,RIVERSIDE,CA Dept of Forestry and Fire Protection
SANTA ANA R,,,,,,
BIG PINE FLAT,BPF,6861,34.319,-117.013,SAN BERNARDINO,US Forest Service
CAMP ANGELUS,CAG,5780,34.150002,-116.977997,SAN BERNARDINO,San Bernardino County
CONVERSE,CON,5618,34.194,-116.913002,SAN BERNARDINO,US Forest Service
MILL CREEK NEAR YUCAIPA,MLL,2950,34.083,-117.035004,SAN BERNARDINO,US Bureau of Land Management
LYTLE CREEK,LYC,2792,34.234001,-117.480003,SAN BERNARDINO,US Forest Service
CITY CREEK RANGER STATION,CKC,2610,34.186001,-117.181,SAN BERNARDINO,San Bernardino County
SEVEN OAKS DAM,SEV,2582,34.114758,-117.087486,SAN BERNARDINO,Center for Western Weather and Water Extremes
FREMONT CANYON,FMC,1750,33.8111,-117.708,ORANGE,Orange County Fire Authority
TONNER CANYON,TNR,1340,33.947498,-117.822197,LOS ANGELES,Los Angeles County Fire Dept
SAN BERNARDINO COUNTY YARD,SCY,1042,34.104,-117.267998,SAN BERNARDINO,San Bernardino County
BELL CANYON,BEC,750,33.551701,-117.573097,ORANGE,Orange County Fire Authority
SANTA MARGARITA R,,,,,,
OAK GROVE,OKG,2752,33.393002,-116.794998,SAN DIEGO,US Forest Service
CASE SPRINGS PENDLETON,CSS,2320,33.445,-117.417999,SAN DIEGO,US Marine Corps
VAIL LAKE,VIL,1470,33.495998,-116.975998,RIVERSIDE,Rancho Calif Water District
TALEGA,TAL,1203,33.474998,-117.487,SAN DIEGO,Camp Pendleton Fire Dept
AMMO DUMP,AMD,1068,33.382,-117.286003,SAN DIEGO,Camp Pendleton Fire Dept
TARGET RANGE PENDELTON,CMP,918,33.372002,-117.359001,SAN DIEGO,US Marine Corps
FALLBROOK WEATHER STATION,FBK,879,33.382,-117.286003,SAN DIEGO,US Navy
LAS FLORES-CAMP PENDELTON,LSF,100,33.289001,-117.439003,SAN DIEGO,US Marine Corps
SAN LUIS REY R,,,,,,
RANCHITA,RAN,3450,33.222221,-116.497498,SAN DIEGO,CA Dept of Forestry and Fire Protection
VALLEY CENTER,VAL,1370,33.239399,-117.014198,SAN DIEGO,CA Dept of Forestry and Fire Protection
SAN DIEGO R,,,,,,
JULIAN,JUL,4240,33.076,-116.591003,SAN DIEGO,CA Dept of Forestry and Fire Protection
DESCANSO,DSC,3480,32.856998,-116.622002,SAN DIEGO,US Forest Service
SANTA YSABEL,SYS,2990,33.109001,-116.672997,SAN DIEGO,San Diego County
ALPINE,API,2041,32.834,-116.738998,SAN DIEGO,US Forest Service
BARONA,BNA,1280,32.999001,-116.839996,SAN DIEGO,San Diego County
FLINN SPRINGS,FLS,880,32.846001,-116.863998,SAN DIEGO,San Diego County
EL CAPITAN RESERVOIR,ECR,800,32.882,-116.806999,SAN DIEGO,San Diego County
SAN VICENTE DAM,SVD,663,32.912998,-116.924004,SAN DIEGO,San Diego County
LOS COCHES CREEK,LCK,560,32.835999,-116.902,SAN DIEGO,San Diego County
GRANITE HILLS,GRH,533,32.799,-116.917,SAN DIEGO,San Diego County
LA MESA,LMS,530,32.765999,-117.024002,SAN DIEGO,San Diego County
KEARNY MESA,KEA,455,32.813,-117.125,SAN DIEGO,San Diego County
SANTEE,SNT,300,32.841,-117.027,SAN DIEGO,San Diego County
SAN DIEGO RIVER AT FASHION VALLEY,FSN,30,32.765049,-117.168648,SAN DIEGO,San Diego County
SWEETWATER R,,,,,,
POTRERO,POT,2350,32.605,-116.609001,SAN DIEGO,CA Dept of Forestry and Fire Protection
SAN MIGUEL,SMG,425,32.685001,-116.973999,SAN DIEGO,US Fish & Wildlife Service
SACRAMENTO R,,,,,,
SAND FLAT,SDF,6750,41.350239,-122.246529,SISKIYOU,US Bureau of Reclamation
SHASTA BALLY,X01,6176,40.602001,-122.651001,SHASTA,CA Dept of Water Resources/Flood Management
SLATE CREEK,SLT,5700,41.04398,-122.480103,SHASTA,US Bureau of Reclamation
SLATE MOUNTAIN,X06,4860,40.990631,-122.54319,SHASTA,CA Dept of Water Resources/Flood Management
GIRARD,GRD,4800,41.132999,-122.282997,SHASTA,US Bureau of Reclamation
SUGARLOAF (USFS),SUG,4200,40.917,-122.438004,SHASTA,US Forest Service
LASSEN LODGE,LAS,4120,40.349998,-121.699997,TEHAMA,CA Dept of Forestry and Fire Protection
MT SHASTA,MTA,3550,41.314999,-122.317001,SISKIYOU,US Forest Service
MOUNT SHASTA,MTS,3545,41.314999,-122.31694,SISKIYOU,CA Dept of Water Resources/DFM-Hydro-SMN
SOUTH FORK MOUNTAIN,SHK,3450,40.657001,-122.525002,SHASTA,US Bureau of Reclamation
HIRZ,HRZ,3200,40.900002,-122.25,SHASTA,US Bureau of Reclamation
SIMS RAWS,SIR,2580,41.073299,-122.373299,SHASTA,National Weather Service
WHITMORE (CDF),WHT,2454,40.6194,-121.899399,SHASTA,CA Dept of Forestry and Fire Protection
MONARCH MT.,X03,2440,40.596539,-122.569412,SHASTA,CA Dept of Water Resources/Flood Management
MULE MT RAWS,MUL,2044,40.569199,-122.503098,SHASTA,National Weather Service
GIBSON,GIB,1633,41.022221,-122.39917,SHASTA,CA Dept of Water Resources/DFM-Hydro-SMN
COHASSET,CST,1600,39.875278,-121.770554,BUTTE,CA Dept of Forestry and Fire Protection
CARR POWER HOUSE AREA,X02,1517,40.643002,-122.623001,SHASTA,CA Dept of Water Resources/Flood Management
CA REDDING 12 WNW,WNR,1418,40.6507,-122.606796,SHASTA,National Weather Service
WHISKEYTOWN RAWS HQ#2 NR WHISKEYTOWN 3SE,WTR,1360,40.610516,-122.527313,SHASTA,National Weather Service
OAK BOTTOM,OKB,1326,40.651001,-122.606003,SHASTA,National Park Service
SHASTA DAM (USBR),SHS,1100,40.716999,-122.417,SHASTA,US Bureau of Reclamation
LAKESHORE,LKS,1100,40.867001,-122.383003,SHASTA,US Bureau of Reclamation
SHASTA DAM 1,SHT,1077,40.714367,-122.416588,SHASTA,US Bureau of Reclamation
THOMES CREEK (CDF),TCK,1025,39.858002,-122.612,TEHAMA,CA Dept of Forestry and Fire Protection
THOMES CREEK AT PASKENTA,THO,720,39.88784,-122.528564,TEHAMA,CA Dept of Water Resources/North Region Office
SACRAMENTO RIVER AT KESWICK,KWK,596,40.600983,-122.444458,SHASTA,US Geological Survey/US Bureau of Reclamation
SHASTA DAM (WATER QUALITY),SHD,580,40.716099,-122.425301,SHASTA,US Bureau of Reclamation
REDDING,RED,500,40.515999,-122.291,SHASTA,US Forest Service
SOUTH FORK WILLOW CREEK NEAR FRUTO,WCF,400,39.541672,-122.389999,GLENN,CA Dept of Water Resources/DFM-Hydro-SMN
CHEROKEE CANAL,CHR,360,39.652,-121.642998,BUTTE,CA Dept of Water Resources
SACRAMENTO RIVER AT BALLS FERRY BRIDGE,BSF,360,40.417,-122.193001,TEHAMA,US Bureau of Reclamation
CORNING AIRPORT,CRG,294,39.938999,-122.169998,TEHAMA,CA Dept of Forestry and Fire Protection
COTTONWOOD CK BLW HWY 99,CWC,125,39.526943,-121.689163,BUTTE,CA Dept of Water Resources/North Region Office
VAN MAREN,VNM,118,38.698307,-121.308693,SACRAMENTO,Sacramento County
LAGUNA CR - FLORIN NEAR EAGLES NEST ROAD,EGN,100,38.485279,-121.260834,SACRAMENTO,Sacramento County
SACRAMENTO NATIONAL WILDLIFE REFUGE,SWR,100,39.417198,-122.182503,GLENN,US Fish & Wildlife Service
SACTO R AT MOULTON WEIR (CREST 76.2'),MLW,85,39.338211,-122.022629,COLUSA,CA Dept of Water Resources/North Region Office
MERIDIAN PUMPS,MPS,50,39.147999,-121.917999,SUTTER,Sutter County
SACTO R AT TISDALE WEIR (CREST 44.1'),TIS,45,39.02644,-121.822083,SUTTER,CA Dept of Water Resources/North Region Office
SACRAMENTO RIVER AT BRYTE,BRY,30,38.602001,-121.532997,YOLO,CA Dept of Water Resources
CONAWAY (GRND WTR),CNW,30,38.64642,-121.667503,YOLO,CA Dept of Water Resources/North Central Region Office
BRYTE TEST SITE,BYT,25,38.599201,-121.540352,YOLO,CA Dept of Water Resources/DFM-Hydro-SMN
MORRISON CREEK AT MACK ROAD,MCM,13,38.478001,-121.458,SACRAMENTO,Sacramento Dept of Public Works
SNOW SURVEYS TEST STATION,TST,0,0,0,SACRAMENTO,CA Dept of Water Resources/DFM-Hydro-SMN
BLACKLOCK (NE1),BLL,0,38.180099,-121.906898,SOLANO,CA Dept of Water Resources/Div of Environmental Services
LIBERTY ISLAND - YOLO BYPASS,LIY,0,38.329277,-121.693977,SOLANO,CA Dept of Water Resources/North Central Region Office
LIBERTY ISLAND - RD2068,LIR,0,38.329281,-121.69397,SOLANO,CA Dept of Water Resources/North Central Region Office
MC CLOUD R,,,,,,
STOUTS MEADOW,STM,5400,41.16914,-121.939827,SHASTA,US Bureau of Reclamation
MCCLOUD,MLD,3280,41.25,-122.133003,SHASTA,US Bureau of Reclamation
ASH CREEK (USFS),ASC,3200,41.276943,-121.979446,SISKIYOU,US Forest Service
MCCLOUD DAM (PG&E),MCL,2690,41.130001,-122.070999,SHASTA,Pacific Gas & Electric
PIT R,,,,,,
CEDAR PASS,CDP,7100,41.583,-120.303001,MODOC,Natural Resources Conservation Service
BLACKS MOUNTAIN,BLA,7050,40.76984,-121.199783,LASSEN,CA Dept of Water Resources/DFM-Hydro-SMN
MEDICINE LAKE,MED,6700,41.591389,-121.610832,SISKIYOU,US Bureau of Reclamation
ADIN MOUNTAIN,ADM,6200,41.237,-120.792,MODOC,Natural Resources Conservation Service
SNOW MOUNTAIN,SNM,5950,40.778809,-121.782677,SHASTA,US Bureau of Reclamation
BLUE DOOR,BDR,5900,41.056,-120.335999,LASSEN,US Bureau of Land Management
BARREL SPRINGS,BRR,5835,41.911098,-119.938904,State of Nevada,US Bureau of Land Management
LADDER BUTTE,LDB,5700,40.817001,-121.317001,LASSEN,US Forest Service
ROUND MOUNTAIN (CDF),RND,5258,41.419998,-121.458,SISKIYOU,CA Dept of Forestry and Fire Protection
ASH VALLEY,AHV,5090,41.057999,-120.706001,LASSEN,US Bureau of Land Management
DEVILS GARDEN,DVG,5022,41.521999,-120.667999,MODOC,CA Dept of Forestry and Fire Protection
JUNIPER CREEK,JUC,4700,41.327999,-120.467003,MODOC,US Bureau of Land Management
MODOC NWR,MDN,4380,41.459,-120.353996,MODOC,US Fish & Wildlife Service
MUCK VALLEY DIVERSION (PG&E),MVD,4300,41.014999,-121.154999,SHASTA,Pacific Gas & Electric
SOLDIER MOUNTAIN,SLD,3710,40.925999,-121.585999,SHASTA,CA Dept of Forestry and Fire Protection
HILLCREST,HLC,3440,40.867001,-121.883003,SHASTA,US Bureau of Reclamation
HAT CREEK #1 PH (PG&E),HTC,3015,40.932999,-121.550003,LASSEN,Pacific Gas & Electric
PIT #1 PH (PG&E),PR1,2880,41,-121.498001,SHASTA,Pacific Gas & Electric
PIT #3 PH (PG&E),PR3,2100,40.998001,-121.747002,SHASTA,Pacific Gas & Electric
PIT #5 PH (PG&E),PR5,1458,40.987,-121.977997,LASSEN,Pacific Gas & Electric
COTTONWOOD CR,,,,,,
SADDLE CAMP,SAD,3850,40.165279,-122.801109,TEHAMA,CA Dept of Water Resources/DFM-Hydro-SMN
COTTONWOOD CREEK NEAR BEEGUM,CTN,3400,40.317001,-122.880997,TEHAMA,US Bureau of Reclamation
OGO RANGER STATION,OGO,1300,40.422779,-122.737778,SHASTA,CA Dept of Water Resources/DFM-Hydro-SMN
DAVIS RANCH,DVR,550,40.349998,-122.449997,TEHAMA,US Bureau of Reclamation
OPENSHAW,OPS,268,39.589832,-121.635162,BUTTE,CA Dept of Forestry and Fire Protection
SACTO VLY NE,,,,,,
MANZANITA LAKE (CDF),MNZ,5750,40.542999,-121.582001,SHASTA,US Forest Service
LOG SPRING,LGS,5100,39.833,-122.782997,TEHAMA,US Army Corps of Engineers
MINERAL,MIN,4957,40.348061,-121.609718,TEHAMA,CA Dept of Water Resources/DFM-Hydro-SMN
SHINGLETOWN,SHI,3630,40.497501,-121.851936,SHASTA,CA Dept of Water Resources/DFM-Hydro-SMN
BATTLE RIDGE,BTR,3400,40.333,-121.75,TEHAMA,US Bureau of Reclamation
CLEAR CREEK,CLR,3300,40.639,-122.667,SHASTA,US Bureau of Reclamation
COW CREEK (USBR),CCE,2840,40.603001,-121.852997,SHASTA,US Bureau of Reclamation
BRANDY CREEK,BDY,1300,40.617001,-122.567001,SHASTA,US Bureau of Reclamation
DIDDY WELLS,DDW,1300,40.700001,-122.099998,SHASTA,US Bureau of Reclamation
REDDING FIRE STATION,RFS,740,40.573601,-122.419296,SHASTA,US Bureau of Reclamation
SACTO VLY WEST,,,,,,
WOODLAND,WLD,70,38.688,-121.794998,YOLO,Yolo County
SACRAMENTO POST OFFICE,SPO,25,38.583,-121.5,SACRAMENTO,National Weather Service
SACRAMENTO INTERNATIONAL AIRPORT,SMF,17,38.686001,-121.586998,SACRAMENTO,Sacramento County
BUTTE CR,,,,,,
CARPENTER RIDGE,CAR,4812,40.069,-121.582001,BUTTE,CA Dept of Forestry and Fire Protection
DE SABLA (DWR),DES,2710,39.872002,-121.610001,BUTTE,CA Dept of Water Resources/Operations and Maintenance
CHICO,CHI,230,39.712002,-121.782997,BUTTE,CA Dept of Forestry and Fire Protection
STONY CR,,,,,,
NOEL SPRING,NLS,5100,39.537998,-122.667,GLENN,US Army Corps of Engineers
ALDER SPRINGS NEAR ELK CREEK,ADS,4500,39.650002,-122.724998,GLENN,US Forest Service
ALDER SPRINGS (USACE),ALS,4500,39.650002,-122.724998,GLENN,US Army Corps of Engineers
TROUGH SPRING,TRS,4000,39.296001,-122.653999,COLUSA,US Army Corps of Engineers
RAINBOW DIVERSION DAM,RBW,1297,39.370998,-122.605003,COLUSA,US Bureau of Reclamation
STONYFORD RAWS,SNY,1263,39.367199,-122.5728,COLUSA,US Forest Service
EAST PARK RESERVOIR,EPK,1205,39.367001,-122.516998,COLUSA,US Bureau of Reclamation
STONY CREEK NR SUWANNA RANCH (CO RD 410),SUW,890,39.484825,-122.51413,GLENN,US Bureau of Reclamation
STONY GORGE RESERVOIR,STG,800,39.583,-122.532997,GLENN,US Bureau of Reclamation
GRINDSTONE CK NR GRINDSTONE RANCHERIA,GRI,630,39.679111,-122.53054,GLENN,US Bureau of Reclamation
STONY CK NR GRIZZLY FLAT (CO RD 200A),SCG,496,39.731812,-122.413994,GLENN,US Bureau of Reclamation
BLACK BUTTE,BLB,426,39.807999,-122.329002,TEHAMA,US Army Corps of Engineers
BLACK BUTTE WEATHER,BLW,425,39.8083,-122.329201,TEHAMA,US Army Corps of Engineers
FEATHER R,,,,,,
LOWER LASSEN PEAK,LLP,8338,40.466602,-121.50811,SHASTA,CA Dept of Water Resources/DFM-Hydro-SMN
KETTLE ROCK,KTL,7300,40.139999,-120.714996,PLUMAS,CA Dept of Water Resources/Operations and Maintenance
GRIZZLY RIDGE,GRZ,6900,39.917,-120.644997,PLUMAS,CA Dept of Water Resources/Operations and Maintenance
JORDAN PEAK,JDP,6812,40.035999,-120.288902,PLUMAS,CA Dept of Water Resources/O&M Oroville Field Division
PILOT PEAK (DWR),PLP,6800,39.785892,-120.877777,PLUMAS,CA Dept of Water Resources/Operations and Maintenance
GOLD LAKE,GOL,6750,39.674767,-120.617165,SIERRA,CA Dept of Water Resources/Operations and Maintenance
WHEELER PEAK,X07,6625,40.116375,-120.67662,PLUMAS,CA Dept of Water Resources/Flood Management
HUMBUG,HMB,6500,40.115002,-121.367996,PLUMAS,CA Dept of Water Resources/O&M Oroville Field Division
RATTLESNAKE,RTL,6210,40.127911,-121.043968,PLUMAS,CA Dept of Water Resources/Operations and Maintenance
BUCKS LAKE,BKL,5873,39.852921,-121.25135,PLUMAS,CA Dept of Water Resources/Operations and Maintenance
LAKE DAVIS (DWR),DAV,5768,39.882999,-120.467003,PLUMAS,CA Dept of Water Resources/O&M Oroville Field Division
DOYLE CROSSING,DOY,5670,40.119202,-120.483002,PLUMAS,CA Dept of Water Resources/North Region Office
FRENCHMAN DAM,FRD,5517,39.882999,-120.182999,PLUMAS,CA Dept of Water Resources/O&M Oroville Field Division
THOMPSON VALLEY,TVL,5404,39.979,-120.478897,PLUMAS,CA Dept of Water Resources/O&M Oroville Field Division
FOUR TREES,FOR,5202,39.812778,-121.321678,PLUMAS,CA Dept of Water Resources/O&M Oroville Field Division
WESTWOOD,WWD,5150,40.306999,-120.900002,LASSEN,CA Dept of Forestry and Fire Protection
PLUMAS EUREKA ST PARK WEATHER STATION,EWS,5107,39.757778,-120.696114,PLUMAS,CA Dept of Water Resources/Flood Management
LA PORTE (DWR),LAP,4980,39.681,-120.983002,PLUMAS,CA Dept of Water Resources/Operations and Maintenance
SIERRAVILLE (DWR),SVL,4975,39.584949,-120.369652,SIERRA,CA Dept of Water Resources/O&M Oroville Field Division
ANTELOPE LAKE,ANT,4960,40.18,-120.607002,PLUMAS,CA Dept of Water Resources/O&M Oroville Field Division
PORTOLA,POR,4951,39.817501,-120.496902,PLUMAS,Center for Western Weather and Water Extremes
HAMILTON BRANCH,HAM,4560,40.272499,-121.0914,PLUMAS,CA Dept of Water Resources/Flood Management
CHESTER,CHS,4525,40.283001,-121.233002,PLUMAS,US Forest Service
CASHMAN,CSH,4520,40.0019,-120.916,PLUMAS,National Park Service
PRATTVILLE (PG&E),PVL,4520,40.209,-121.156998,PLUMAS,Pacific Gas & Electric
STRAWBERRY VALLEY,SBY,3810,39.563999,-121.106003,YUBA,CA Dept of Water Resources/Operations and Maintenance
BRUSH CREEK (DWR),BRS,3560,39.692001,-121.338997,BUTTE,CA Dept of Water Resources/Operations and Maintenance
GREENVILLE,GRE,3560,40.1394,-120.9412,PLUMAS,CA Dept of Water Resources/O&M Oroville Field Division
NELSON ST TAYLORSVILLE,TAY,3540,40.0793,-120.835701,PLUMAS,CA Dept of Water Resources/North Region Office
STIRLING CITY,SRL,3520,39.9044,-121.527802,BUTTE,CA Dept of Water Resources/O&M Oroville Field Division
QUINCY RANGER DISTRICT,QYR,3500,39.974998,-120.941002,PLUMAS,US Forest Service
FEATHER RIVER COLLEGE,FCL,3425,39.945873,-120.969704,PLUMAS,Center for Western Weather and Water Extremes
QUINCY (DWR),QCY,3408,39.935001,-120.949997,PLUMAS,CA Dept of Water Resources/Operations and Maintenance
CARIBOU PH,CBO,2986,40.084999,-121.150002,PLUMAS,CA Dept Water Resources and Pacific Gas and Electric
FORBESTOWN,FBS,2840,39.516998,-121.266098,BUTTE,Pacific Gas & Electric
JARBO GAP,JAR,2700,39.736,-121.488998,BUTTE,CA Dept of Forestry and Fire Protection
BUCKS CREEK POWERHOUSE,BUP,1760,39.917,-121.333,PLUMAS,Pacific Gas & Electric
PARADISE,PDE,1750,39.753601,-121.624702,BUTTE,CA Dept of Water Resources/O&M Oroville Field Division
OROVILLE DAM,ORO,900,39.540001,-121.492996,BUTTE,CA Dept of Water Resources/O&M Oroville Field Division
SOUTH HONCUT CREEK NEAR BANGOR,SFH,630,39.36824,-121.37188,BUTTE,CA Dept of Water Resources/North Central Region Office
YUBA R,,,,,,
SIERRA SNOW LAB,SSL,6950,39.319,-120.366997,NEVADA,CA Dept of Water Resources/DFM-Hydro-SMN
CENT SIERRA SNOW LAB,CSL,6900,39.325001,-120.366997,NEVADA,Natural Resources Conservation Service
SADDLEBACK,SBK,6670,39.474998,-120.202499,SIERRA,US Forest Service
BOWMAN LAKE,BOL,5390,39.447693,-120.654823,NEVADA,CA Dept of Water Resources/DFM-Hydro-SMN
LAKE SPAULDING (PG&E),LSP,5156,39.317001,-120.633003,NEVADA,Pacific Gas & Electric
ALLEGHANY,ALY,4957,39.470215,-120.874275,SIERRA,CA Dept of Water Resources/DFM-Hydro-SMN
SIERRA CITY,SRC,4700,39.567684,-120.653397,SIERRA,CA Dept of Water Resources/DFM-Hydro-SMN
DEER CK FOREBAY (PG&E),DRC,4455,39.299999,-120.824997,NEVADA,Pacific Gas & Electric
WHITE CLOUD,WTC,4321,39.3167,-120.837502,NEVADA,CA Dept of Forestry and Fire Protection
PIKE COUNTY,PKC,3714,39.474998,-121.202003,YUBA,US Forest Service
DOWNIEVILLE,DLA,2956,39.5634,-120.824203,SIERRA,Center for Western Weather and Water Extremes
DOWNIEVILLE,DNV,2920,39.558601,-120.829201,SIERRA,CA Dept of Water Resources/DFM-Hydro-SMN
CAMPTONVILLE (DWR),CAM,2755,39.451,-121.049004,YUBA,CA Dept of Water Resources/Operations and Maintenance
SKYLINE HARVEST,SKY,2733,39.47097,-121.091675,YUBA,Center for Western Weather and Water Extremes
GRASS VALLEY,GVY,2400,39.205276,-121.068336,NEVADA,CA Dept of Water Resources/DFM-Hydro-SMN
BULLARDS BAR,BUD,2100,39.396301,-121.143898,YUBA,Yuba Water Agency
NEW BULLARDS BAR DAM,BDB,2080,39.396358,-121.143768,YUBA,Center for Western Weather and Water Extremes
READER RANCH,RDH,2025,39.304001,-121.116997,NEVADA,CA Dept of Forestry and Fire Protection
DORRIS RANCH,DRS,1968,39.328999,-121.108002,NEVADA,CA Dept of Forestry and Fire Protection
OUR HOUSE DAM,OHD,1960,39.412106,-120.997177,YUBA,CA Dept of Water Resources/DFM-Hydro-SMN
COLLINS LAKE,CLS,1270,39.337601,-121.327103,YUBA,Brown's Valley Irrigation District
ENGLEBRIGHT WEATHER,ENW,850,39.237202,-121.265297,NEVADA,US Army Corps of Engineers
BANGOR,BGR,800,39.38073,-121.386246,BUTTE,CA Dept of Forestry and Fire Protection
COLGATE PH,CGT,600,39.330799,-121.190002,YUBA,CA Dept of Water Resources/DFM-Hydro-SMN
ENGLEBRIGHT (USACE),ENG,551,39.238998,-121.266998,NEVADA,US Army Corps of Engineers
BROWNS VALLEY SCHOOL,BVS,233,39.235859,-121.406212,YUBA,Center for Western Weather and Water Extremes
COLGATE POWER HOUSE,CPH,180,39.331001,-121.188004,YUBA,Yuba County
BEAR R,,,,,,
DRUM POWER HOUSE,DPH,3400,39.264,-120.766998,PLACER,Pacific Gas & Electric
SECRET TOWN,SRT,2720,39.182999,-120.883003,NEVADA,CA Dept of Forestry and Fire Protection
BEAR R AT ROLLINS RESERVOIR,BRE,1945,39.132999,-120.953003,PLACER,"Pacific Gas and Electric Company, Auburn"
BEAR RIVER AT CAMP FAR WEST DAM,CFW,260,39.049858,-121.315941,YUBA,CA Dept of Water Resources/DFM-Hydro-SMN
BEAR RIVER NEAR WHEATLAND,BRW,72,38.999928,-121.40731,PLACER,USGS/DWR
RUBICON R,,,,,,
BALD MOUNTAIN (USFS),BMT,4680,38.900002,-120.682999,EL DORADO,US Forest Service
AMERICAN R,,,,,,
SCHNEIDERS,SCN,8750,38.747002,-120.068001,EL DORADO,Sacramento Municipal Utility District
CARSON PASS,CXS,8353,38.692402,-120.002098,ALPINE,Natural Resources Conservation Service
CAPLES LAKE,CAP,8000,38.710793,-120.04158,ALPINE,US Bureau of Reclamation
BETA,BTA,7600,38.799999,-120.199997,EL DORADO,CA Dept of Water Resources/Operations and Maintenance
FORNI RIDGE,FRN,7600,38.80397,-120.215919,EL DORADO,US Bureau of Reclamation
ALPHA (SMUD),ALP,7600,38.804192,-120.215652,EL DORADO,Sacramento Municipal Utility District
LOST CORNER MOUNTAIN,LCR,7500,39.016998,-120.214996,EL DORADO,Sacramento Municipal Utility District
MORATTINI FLAT,MFT,7108,38.894081,-120.276283,EL DORADO,Sacramento Municipal Utility District
SILVER LAKE,SIL,7100,38.679604,-120.118195,EL DORADO,US Bureau of Reclamation
DUNCAN,DUN,7100,39.144001,-120.509003,PLACER,US Forest Service
DUNCAN PEAK,DPK,6929,39.154598,-120.510101,PLACER,UC Merced
WRIGHTS LAKE,WRG,6900,38.847,-120.233002,EL DORADO,Sacramento Municipal Utility District
VAN VLECK,VVL,6700,38.943947,-120.306061,EL DORADO,Sacramento Municipal Utility District
HUYSINK,HYS,6600,39.281422,-120.529633,PLACER,US Bureau of Reclamation
LOON LAKE (SMUD),LON,6410,38.983002,-120.322998,EL DORADO,Sacramento Municipal Utility District
BIG HILL MET STATION,BHS,6135,38.841667,-120.407501,EL DORADO,Sacramento Municipal Utility District
ROBBS SADDLE,RBB,5900,38.911533,-120.379295,EL DORADO,Sacramento Municipal Utility District
GREEK STORE,GKS,5600,39.07468,-120.5616,PLACER,US Bureau of Reclamation
BLUE CANYON,BLC,5280,39.280098,-120.708694,PLACER,US Bureau of Reclamation
BLUE CANYON #2 (ETI),BL2,5280,39.283001,-120.699997,PLACER,CA Dept of Water Resources
BEAR TRAP,BTP,5217,39.094501,-120.576897,PLACER,UC Merced
ROBBS POWERHOUSE,RBP,5150,38.902382,-120.376541,EL DORADO,Sacramento Municipal Utility District
HELL HOLE (USFS),HLH,4580,39.071701,-120.4217,PLACER,US Forest Service
OWENS CAMP,OWC,4500,38.733002,-120.245003,EL DORADO,US Forest Service
SEED ORCHARD RAWS NEAR MICHIGAN BLUFF 4N,SOM,4300,39.091389,-120.731667,EL DORADO,US Forest Service
SUGAR PINE,SGP,3843,39.123974,-120.7612,PLACER,US Bureau of Reclamation
FRESH POND,FPD,3770,38.759819,-120.536629,EL DORADO,Sacramento Municipal Utility District
PACIFIC HOUSE,PFH,3440,38.759369,-120.50769,EL DORADO,US Bureau of Reclamation
GEORGETOWN (USBR),GTW,3250,38.924572,-120.789703,EL DORADO,US Bureau of Reclamation
PLACERVILLE WEATHER STATION,PWS,1858,38.695431,-120.824303,EL DORADO,CA Dept of Water Resources/DFM-Hydro-SMN
SLAB CREEK,SLB,1850,38.772499,-120.699402,EL DORADO,Sacramento Municipal Utility District
PILOT HILL (CDF),PIH,1200,38.831699,-121.009201,EL DORADO,CA Dept of Forestry and Fire Protection
AUBURN DAM RIDGE,ADR,1200,38.882,-121.044998,PLACER,US Bureau of Reclamation
NEWCASTLE-PINEVIEW SCHOOL,NCS,890,38.874001,-121.135002,PLACER,City of Roseville
LOOMIS OBSERVATORY,LMO,733,38.814999,-121.112999,PLACER,City of Roseville
CAPERTON RESERVOIR,CPR,620,38.862999,-121.218002,SACRAMENTO,City of Roseville
FOLSOM WATER TREATMENT PLANT,FWP,422,38.687,-121.149002,SACRAMENTO,City of Folsom
ROSEVILLE WATER TREATMENT PLANT,RTP,380,38.724167,-121.186943,PLACER,City of Roseville
FOLSOM DAM - FOLSOM POINT (DYKE 8),FLD,350,38.693054,-121.129723,SACRAMENTO,National Weather Service
PRAIRIE CITY,PRC,311,38.591999,-121.161003,SACRAMENTO,Sacramento County
ORANGEVALE WATER DISTRICT YARD,ORN,236,38.687,-121.21933,SACRAMENTO,Sacramento County
CHICAGO,CHG,210,38.652,-121.253998,SACRAMENTO,Sacramento County
LINCOLN,LCN,200,38.882,-121.272003,PLACER,CA Dept of Forestry and Fire Protection
NAVION,NVN,140,38.706001,-121.310997,SACRAMENTO,Sacramento County
LINDA CREEK AT CHAMPION OAKS,LCO,140,38.727001,-121.247002,PLACER,Placer County
RANCHO CORDOVA,RNC,72,38.602554,-121.312447,SACRAMENTO,Sacramento County
CRESTA PARK,CRP,70,38.592999,-121.367996,SACRAMENTO,Sacramento County
ARCADE CREEK AT WINDING WAY,AMC,70,38.645,-121.347,SACRAMENTO,Sacramento County
RIO LINDA W.C.,RLN,45,38.697971,-121.448776,SACRAMENTO,Sacramento County
STRONG RANCH - HURLEY WAY,HRY,35,38.586945,-121.405281,SACRAMENTO,Sacramento County
ARDEN WAY,ARW,35,38.596001,-121.413002,SACRAMENTO,Sacramento County
CALIFORNIA STATE UNIV AT SACRAMENTO,CSU,25,38.555,-121.416,SACRAMENTO,National Weather Service
ARCADE CREEK AT SUNRISE BLVD,ARD,22,38.683998,-121.271004,SACRAMENTO,Sacramento Dept of Public Works
CACHE CR,,,,,,
HIGH GLADE,HYG,4840,39.203999,-122.805,LAKE,US Forest Service
LAKE CTY RAWS1 (COBB MT),LC1,4725,38.8064,-122.740501,LAKE,Lake County
BOGGS MT PRECIP AT HOBERGS,BMH,3550,38.838902,-122.711098,LAKE,US Geological Survey
HIGH VALLEY ROAD,HVR,2460,39.064999,-122.711098,LAKE,US Geological Survey
KNOCTI RAWS (MT. KONOCTI),KTI,2163,38.9118,-122.706299,LAKE,CA Dept of Forestry and Fire Protection
COUNTY LINE RAWS NR WILBUR SPRINGS,CYW,2085,39.018902,-122.411903,COLUSA,US Bureau of Land Management
MIRA VISTA ROAD,MAI,1575,38.983601,-122.693901,LAKE,US Geological Survey
INDIAN VLY DAM PRECIP AT CLEARLAKE OAKS,IVD,1490,39.080555,-122.535278,LAKE,US Geological Survey
SCOTTS VALLEY,SCV,1400,39.083,-122.945999,LAKE,Lake County
PUMPING PLANT AT MIDDLE CREEK,PMC,1380,39.142315,-122.902275,LAKE,CA Dept of Water Resources/North Region Office
CLEARLAKE CITY,CEY,1340,38.9617,-122.6492,LAKE,US Geological Survey
CACHE CK NR LOWER LAKE,CCL,1320,38.924171,-122.566109,LAKE,US Geological Survey
BROOKS,BSS,360,38.738335,-122.144722,YOLO,CA Dept of Forestry and Fire Protection
PUTAH CR,,,,,,
WHISPERING PINES,WSP,2700,38.805828,-122.708328,LAKE,CA Dept of Water Resources/DFM-Hydro-SMN
BEAR CYN RD PRECIP NR MIDDLETOWN,BMI,2220,38.763901,-122.680801,LAKE,US Geological Survey
KNOXVILLE CREEK,KNO,2200,38.8619,-122.417198,LAKE,US Bureau of Land Management
PUTAH CK BLW DRY CK AT MIDDLETOWN,PBM,1080,38.759998,-122.615303,LAKE,US Geological Survey
DELTA,,,,,,
HIGHLAND PEAK,HLD,2520,37.814499,-121.808403,CONTRA COSTA,Contra Costa County
MALLORY RIDGE,MLR,2040,37.817001,-121.778999,CONTRA COSTA,Contra Costa Water District
WIEDEMANN HILL,WDN,1850,37.738205,-121.994843,CONTRA COSTA,Contra Costa County
MT DIABLO PARK HEADQUARTERS,MDH,1600,37.8503,-121.931702,CONTRA COSTA,Contra Costa County
EL SOBRANTE,ESB,325,37.98103,-122.304291,CONTRA COSTA,Contra Costa County
BYRON AIRPORT,BAP,43,37.830601,-121.622498,CONTRA COSTA,Contra Costa County
BETHEL ISLAND FIRE,BIF,20,38.015499,-121.639603,CONTRA COSTA,Contra Costa County
BIXLER PUMPING PLANT,BXP,14,37.939701,-121.623497,CONTRA COSTA,Contra Costa County
GEORGIANA SLOUGH,GGS,2,38.237999,-121.516998,SACRAMENTO,Sacramento County
VENICE ISLAND,VNE,0,38.049999,-121.496002,SAN JOAQUIN,CA Dept of Water Resources
COSUMNES R,,,,,,
SLY PARK,SLP,3530,38.717312,-120.563057,EL DORADO,US Bureau of Reclamation
FIDDLETOWN,FDL,2160,38.533001,-120.699997,AMADOR,US Bureau of Reclamation
BEN BOLT,BLT,1138,38.585999,-121.016998,EL DORADO,CA Dept of Forestry and Fire Protection
COSUMNES R N FORK NR EL DORADO,CNF,840,38.589031,-120.84449,EL DORADO,CA Dept of Water Resources/North Central Region Office
ELK GROVE FISH HATCHERY,ELG,45,38.421001,-121.374001,SACRAMENTO,Sacramento County
CORRECTIONAL CTR,CRT,18,38.306999,-121.424004,SACRAMENTO,Sacramento County
MOKELUMNE R,,,,,,
HIGHLAND MEADOW,HHM,8700,38.490662,-119.805626,ALPINE,CA Dept of Water Resources/DFM-Hydro-SMN
BLUE LAKES,BLK,8000,38.612999,-119.931,ALPINE,Natural Resources Conservation Service
UPPER MET,UMT,7920,38.451801,-120.1353,CALAVERAS,UC Merced
MUD LAKE,MDL,7900,38.615002,-120.139999,AMADOR,Sacramento Municipal Utility District
LOWER MET,LMT,7063,38.433201,-120.149902,CALAVERAS,UC Merced
BEAVER,BVE,5000,38.483002,-120.317001,AMADOR,US Forest Service
SALT SPRINGS PH (PG&E),SSR,3700,38.498001,-120.219002,CALAVERAS,Pacific Gas & Electric
MT. ZION,MTZ,2968,38.389999,-120.652496,AMADOR,CA Dept of Forestry and Fire Protection
PINE GROVE,PIN,2440,38.415829,-120.665558,AMADOR,CA Dept of Water Resources/DFM-Hydro-SMN
TIGER CREEK POWERHOUSE,TCP,2360,38.450001,-120.483002,CALAVERAS,Pacific Gas & Electric
DIAMOND LN PRECIP NR GLENCOE,DLP,2140,38.343151,-120.61837,CALAVERAS,US Geological Survey
MURRAY CK NR SAN ANDREAS,MSA,880,38.211601,-120.675102,CALAVERAS,US Geological Survey
PARDEE,PAR,568,38.25,-120.849998,CALAVERAS,East Bay Municipal Utility District
CAMANCHE SO. STA.2,CS2,331,38.203999,-120.972,CALAVERAS,San Joaquin County
MCINTIRE ROAD,MCI,180,38.220001,-121.038002,SAN JOAQUIN,San Joaquin County
CALAVERAS R,,,,,,
RAILROAD FLAT,RRF,2720,38.313999,-120.542999,CALAVERAS,US Army Corps of Engineers
ESPERANZA (BANNER ROAD),ESP,2512,38.284416,-120.489754,CALAVERAS,CA Dept of Forestry and Fire Protection
SHEEP RANCH,SHR,2370,38.209999,-120.461998,CALAVERAS,US Army Corps of Engineers
N FK CALAVERAS R NR MOKELUMNE HILL,CMK,920,38.281898,-120.670097,CALAVERAS,US Geological Survey
NEW HOGAN WEATHER,NHW,554,38.150799,-120.815598,CALAVERAS,US Army Corps of Engineers
NEW HOGAN LAKE,NHG,554,38.152,-120.811996,CALAVERAS,US Army Corps of Engineers
CAMP SECO RAWS,CPS,399,38.22361,-120.866386,CALAVERAS,US Bureau of Land Management
MENDEZ RANCH,MDZ,322,38.062,-120.924004,STANISLAUS,San Joaquin County
ROBIDART RANCH,RBR,315,38.137001,-121.030998,SAN JOAQUIN,San Joaquin County
PERRY RANCH,PRY,315,38.148998,-120.921997,CALAVERAS,US Army Corps of Engineers
LAPACHET RANCH,LPC,260,38.032001,-120.975998,SAN JOAQUIN,San Joaquin County
GILMORE RANCH,GLR,220,38.044998,-120.987,SAN JOAQUIN,San Joaquin County
MORMON SLOUGH AT BELLOTA (USACE),MRS,130,38.054001,-121.012001,CALAVERAS,US Army Corps of Engineers
LITTLEJOHN CR,,,,,,
MARIPOSA CK BLW MARIPOSA DAM,MRQ,346,37.279999,-120.161697,MARIPOSA,US Army Corps of Engineers
FARMINGTON (SPILL ELEV 156.5 FT),FRM,180,37.915001,-120.934998,SAN JOAQUIN,US Army Corps of Engineers
STANISLAUS R,,,,,,
DEADMAN CREEK,DDM,9250,38.331596,-119.654114,TUOLUMNE,US Bureau of Reclamation
GIANELLI MEADOW,GNL,8400,38.204308,-119.893188,TUOLUMNE,US Bureau of Reclamation
STANISLAUS MEADOW,SLM,7750,38.505501,-119.937302,ALPINE,US Bureau of Reclamation
BLOODS CREEK,BLD,7200,38.451256,-120.034882,ALPINE,US Bureau of Reclamation
BLACK SPRINGS,BLS,6500,38.375881,-120.195,CALAVERAS,US Bureau of Reclamation
PINECREST (PG&E),PCR,5600,38.200001,-119.983002,TUOLUMNE,Pacific Gas & Electric
SPRING GAP FOREBAY (PG&E),SFB,5100,38.172001,-120.102997,CALAVERAS,Pacific Gas & Electric
TELEGRAPH HILL,TLH,3730,38.031101,-120.351936,TUOLUMNE,US Bureau of Reclamation
CALAVERAS RANGER STATION,CVS,3360,38.196606,-120.367546,CALAVERAS,US Bureau of Reclamation
FLOWER MOUNTAIN,FLW,1480,37.919998,-120.680298,TUOLUMNE,US Army Corps of Engineers
NEW MELONES,NMS,1400,37.951939,-120.525833,CALAVERAS,US Bureau of Reclamation
STANISLAUS POWERHOUSE,SPW,1060,38.132999,-120.366997,CALAVERAS,Pacific Gas & Electric
BLACK CREEK NR COPPEROPOLIS,BCC,746,37.961037,-120.615204,CALAVERAS,US Geological Survey
OAKDALE WEATHER STATION,OKW,186,37.734699,-120.845001,STANISLAUS,Stanislaus County
TUOLUMNE R,,,,,,
TIOGA PASS ENTRY STATION,TES,9945,37.91087,-119.258507,TUOLUMNE,Yosemite National Park
DANA MEADOWS,DAN,9800,37.89616,-119.257263,TUOLUMNE,CA Dept of Water Resources/DFM-Hydro-SMN
TUOLUMNE MEADOWS (NPS),TMM,9200,37.868,-119.319,TUOLUMNE,National Park Service
GAYLOR PIT,GYP,9200,37.881748,-119.312325,TUOLUMNE,National Park Service
TUOLUMNE MEADOWS,TUM,8600,37.876408,-119.348099,TUOLUMNE,CA Dept of Water Resources/DFM-Hydro-SMN
WHITE WOLF,WHW,7900,37.859444,-119.651604,TUOLUMNE,National Park Service
PARADISE MEADOW,PDS,7650,38.046116,-11.671748,TUOLUMNE,CA Dept of Water Resources/DFM-Hydro-SMN
PINECREST 2 RAWS NEAR PINECREST 1SW,PNW,5600,38.186111,-120.010559,TUOLUMNE,US Forest Service
MOUNT ELIZABETH,MTE,4933,38.056999,-120.240997,TUOLUMNE,US Forest Service
CAMP MATHER WEATHER,CMW,4810,37.878166,-119.859413,TUOLUMNE,City of San Francisco
CHERRY VALLEY MET STATION,CVM,4770,37.974659,-119.916,TUOLUMNE,City and County of San Francisco PUC
GRANITE PORTAL,GPO,4304,37.907654,-119.953056,TUOLUMNE,Center for Western Weather and Water Extremes
JAWBONE LAVA FLAT RAWS,JFR,4020,37.887199,-120.047897,TUOLUMNE,US Forest Service
HETCH HETCHY MET STATION,HEM,3920,37.944935,-119.78315,TUOLUMNE,City of San Francisco
SMITH PEAK RAWS,SEW,3871,37.800499,-120.1008,TUOLUMNE,US Forest Service
TUOLUMNE R AT THE GRAND CYN OF TUOLUMNE,TGC,3830,37.916588,-119.659897,TUOLUMNE,US Geological Survey
BUCK MEADOWS,BKM,3200,37.823299,-120.097504,TUOLUMNE,Hetch Hetchy Water and Power
TUOLUMNE STF 2 PORTABLE RAWS,POU,2800,37.9487,-120.270599,TUOLUMNE,US Forest Service
SONORA WEATHER STATION,SWX,2221,37.961456,-120.324104,TUOLUMNE,San Francisco County
WEST PORTAL,WPO,2065,37.813267,-120.287445,TUOLUMNE,Center for Western Weather and Water Extremes
GREEN SPRINGS,GRN,1020,37.833,-120.5,TUOLUMNE,CA Dept of Forestry and Fire Protection
MOCCASIN MET STATION,MHH,930,37.81015,-120.29686,TUOLUMNE,San Francisco PUC
CHALK PLANT NR NEW SAN PEDRO,CSP,895,37.808182,-120.542366,TUOLUMNE,San Francisco County
DON PEDRO RESERVOIR WEATHER,DPW,830,37.700279,-120.417709,TUOLUMNE,Turlock Irrigation District
CRABTREE WEATHER STATION,CWS,226,37.724998,-120.600601,STANISLAUS,Stanislaus County
MERCED R,,,,,,
VOGELSANG,FLV,10095,37.794571,-119.347404,MARIPOSA,Merced Irrigation District
OSTRANDER LAKE,STR,8200,37.636608,-119.553329,MARIPOSA,CA Dept of Water Resources/DFM-Hydro-SMN
TENAYA LAKE,TNY,8150,37.837582,-119.449875,MARIPOSA,CA Dept of Water Resources/DFM-Hydro-SMN
FRESNO DOME,FRS,7141,37.463799,-119.536201,MARIPOSA,UC Merced
GIN FLAT,GIN,7050,37.766888,-119.77491,MARIPOSA,CA Dept of Water Resources/DFM-Hydro-SMN
CRANE FLAT LOOKOUT,CFL,6634,37.759468,-119.820564,MARIPOSA,National Park Service
MARIPOSA GROVE,MPG,6400,37.5,-119.599998,MARIPOSA,UC Merced
HENNESS RIDGE DRIVE,HRD,6122,37.6455,-119.703758,MARIPOSA,Center for Western Weather and Water Extremes
DOG HOUSE MEADOW,DGH,6100,37.7626,-119.785225,MARIPOSA,CA Dept of Water Resources/DFM-Hydro-SMN
CHINQUAPIN - YOSEMITE NATIONAL PARK,CQP,6042,37.652199,-119.703598,MARIPOSA,Yosemite National Park
BIG SANDY,BSN,5757,37.468399,-119.585602,MARIPOSA,UC Merced
YOSEMITE NEAR WAWONA,YOW,4957,37.507999,-119.632004,MARIPOSA,Merced Irrigation District
FORESTA,X05,4580,37.693943,-119.744499,MARIPOSA,CA Dept of Water Resources/Flood Management
WAWONA RAWS,WWN,4309,37.534473,-119.644974,MARIPOSA,Yosemite National Park
YOSEMITE AT YOSEMITE VALLEY,YYV,3998,37.749722,-119.589447,MARIPOSA,Merced Irrigation District
JERSEYDALE,JSD,3900,37.542,-119.839996,MARIPOSA,US Forest Service
DUDLEY RANCH BELOW COULTERVILLE,DUC,3654,37.741001,-120.133003,MARIPOSA,Merced Irrigation District
DUDLEYS (MCDIARMID FIRE STATION),DDL,3000,37.720909,-120.096138,MARIPOSA,CA Dept of Water Resources/DFM-Hydro-SMN
MARIPOSA RANGER STATION,MRP,2250,37.504166,-119.986946,MARIPOSA,CA Dept of Forestry and Fire Protection
EL PORTAL,EPW,2073,37.675331,-119.787918,MARIPOSA,National Park Service
EL PORTAL WATER TREATMENT,X04,1700,37.668316,-119.812515,MARIPOSA,CA Dept of Water Resources/Flood Management
MERCED RIVER ABOVE FERGUSON SLIDE,FS3,1475,37.656803,-119.899239,MARIPOSA,CA Dept of Transportation (Caltrans)
MERCED RIVER NEAR BRICEBURG,MBB,1150,37.5989,-119.978104,MARIPOSA,Mariposa Public Utility District
MERCED R NR BRICEBURG #2,MBG,1150,37.604774,-119.967758,MARIPOSA,Merced Irrigation District
NEW EXCHEQUER-LK MCCLURE,EXC,879,37.584999,-120.269997,MARIPOSA,Merced Irrigation District
DRY CREEK NEAR COULTERVILLE,DCC,728,37.653999,-120.311996,MARIPOSA,Merced Irrigation District
MARIPOSA CREEK DAM,MAR,459,37.292,-120.147003,MARIPOSA,US Army Corps of Engineers
OWENS CREEK DAM,OWN,424,37.282001,-120.186996,MARIPOSA,US Army Corps of Engineers
OWENS CK BLW OWENS DAM,OWQ,357,37.2733,-120.278297,MERCED,US Army Corps of Engineers
DRY CK AT FIELDS RD,DFR,321,37.578892,-120.389442,MERCED,Merced Irrigation District
BEAR,BAR,319,37.367001,-120.217003,MARIPOSA,US Army Corps of Engineers
BURNS CREEK DAM,BUR,319,37.376999,-120.275002,MERCED,US Army Corps of Engineers
DRY CREEK NR SNELLING,DSN,230,37.555,-120.462997,MERCED,Merced Irrigation District
MERCED R AT HWY 59 (MID),H59,210,37.47028,-120.5,MERCED,Merced Irrigation District
BLACK RASCAL DIVERSION,BDV,183,37.332802,-120.394402,MERCED,US Army Corps of Engineers
MERCED R AT AMSTERDAM RD,AMR,173,37.46806,-120.538887,MERCED,Merced Irrigation District
MERCED R AT SHAFFER BRIDGE NR CRESSY,MBN,117,37.454224,-120.608803,MERCED,Merced Irrigation District
CHOWCHILLA R,,,,,,
EASTMAN LAKE WEATHER,ELW,540,37.213299,-119.970001,MADERA,US Army Corps of Engineers
BUCHANAN DAM,BUC,450,37.213001,-119.970001,MADERA,US Army Corps of Engineers
FRESNO R,,,,,,
WESTFALL,WST,4880,37.449402,-119.649696,MARIPOSA,US Army Corps of Engineers
METCALF GAP,MCF,3300,37.41,-119.764999,MADERA,CA Dept of Forestry and Fire Protection
MAGOON,MGN,3150,37.489399,-119.8125,MARIPOSA,US Army Corps of Engineers
OAKHURST,OKH,2360,37.3447,-119.675797,MADERA,US Army Corps of Engineers
BUNNING RANCH,BNR,1520,37.367802,-119.889999,MARIPOSA,US Army Corps of Engineers
HIDDEN DAM (HENSLEY),HID,561,37.200001,-119.917,MADERA,US Army Corps of Engineers
HENSLEY LAKE WEATHER,HIW,440,37.115002,-119.883301,MADERA,US Army Corps of Engineers
SAN JOAQUIN R,,,,,,
KAISER POINT,KSP,9200,37.29818,-119.103371,FRESNO,US Bureau of Reclamation
GREEN MOUNTAIN,GRM,7900,37.549599,-119.232559,MADERA,US Bureau of Reclamation
DEVILS POSTPILE,DPO,7569,37.62941,-119.084671,MADERA,CA Dept of Water Resources/DFM-Hydro-SMN
TAMARACK SUMMIT,TMR,7550,37.16375,-119.200531,FRESNO,US Bureau of Reclamation
CHILKOOT MEADOW,CHM,7150,37.40839,-119.492188,MADERA,US Bureau of Reclamation
HUNTINGTON LAKE (USBR),HNT,7000,37.22757,-119.220482,FRESNO,US Bureau of Reclamation
POISON RIDGE,PSR,6900,37.402821,-119.520813,MADERA,US Bureau of Reclamation
GRAVEYARD MEADOW,GRV,6900,37.46344,-119.292892,MADERA,US Bureau of Reclamation
SHAVER,SAV,5746,37.134998,-119.256111,FRESNO,CA Dept of Forestry and Fire Protection
PECKINPAH,PCK,5150,37.246792,-119.461197,MADERA,US Bureau of Reclamation
NATURE POINT,NTP,5150,37.340221,-119.361633,MADERA,US Bureau of Reclamation
BALD MOUNTAIN (USBR),BDM,4720,37.063148,-119.408577,FRESNO,US Bureau of Reclamation
GOAT MOUNTAIN,GTM,4520,37.2714,-119.550171,MADERA,US Bureau of Reclamation
MOUNTAIN REST,MTF,4100,37.054001,-119.371002,FRESNO,US Forest Service
CRANE VALLEY RESERVOIR (PG&E),CRR,3400,37.291,-119.526001,MADERA,Pacific Gas & Electric
BATTERSON,BTT,3160,37.382999,-119.616997,MADERA,US Forest Service
NORTH FORK R S,NFR,2630,37.233002,-119.5,MADERA,US Forest Service
DIABLO CANYON,DBC,1850,37.328999,-121.302002,STANISLAUS,CA Dept of Forestry and Fire Protection
CATHEY'S VALLEY,CVR,1200,37.380299,-120.076897,MARIPOSA,CA Dept of Forestry and Fire Protection
A.G. WISHON (PG&E),AGW,1000,37.151001,-119.504997,MERCED,Pacific Gas & Electric
MARSH CREEK FIRE DEPARTMENT,MFD,680,37.893002,-121.864998,CONTRA COSTA,Contra Costa County
CFA RAWS NR IONE,CF1,660,38.380001,-120.930298,AMADOR,CA Dept of Forestry and Fire Protection
GOODWIN TUNNEL OUTLET,GTO,600,37.849201,-120.682198,SAN JOAQUIN,US Army Corps of Engineers
FRIANT DAM,FRT,578,36.994499,-119.697777,FRESNO,US Bureau of Reclamation
VIEIRA RANCH,VRN,372,37.665001,-121.469002,SAN JOAQUIN,San Joaquin County
LOS BANOS DAM,LBS,350,36.993999,-120.93,MERCED,CA Dept of Water Resources/O&M San Joaquin Field Division
LOS BANOS (CDF),LBN,350,37.053001,-121.049004,MERCED,CA Dept of Forestry and Fire Protection
UC MERCED WEATHER STATION,UCM,270,37.36911,-120.420128,MERCED,Merced Irrigation District
SANGUINETTI RANCH,SNR,238,37.993,-120.981003,SAN JOAQUIN,San Joaquin County
SHIRLEY GULCH,SHG,225,37.901901,-120.758904,SAN JOAQUIN,US Army Corps of Engineers
FLOOD CONTROL HQ - CONTRA COSTA CO,FCD,160,37.987999,-122.084999,CONTRA COSTA,Contra Costa County
CHEVRON PUMP PLANT,CVP,130,37.998001,-121.855003,CONTRA COSTA,Contra Costa County
ROCK CK BLW FARMINGTON DAM,RCF,100,37.918301,-120.958603,SAN JOAQUIN,US Army Corps of Engineers
WESTLEY WEATHER STATION,WWS,88,37.5172,-121.230797,STANISLAUS,Stanislaus County
SAN LUIS NWR,SAN,65,37.181999,-120.793999,MERCED,US Fish & Wildlife Service
BEAR CREEK NEAR LODI,BRC,60,38.074001,-121.210999,SAN JOAQUIN,San Joaquin County
BIXLER ROAD,BIX,14,37.939999,-121.622002,CONTRA COSTA,Contra Costa County
STOCKTON FIRE STATION,SFS,14,37.999001,-121.319,SAN JOAQUIN,CA Dept of Water Resources
IRONHOUSE SANITARY DISTRICT,ISD,6,38.001301,-121.709396,CONTRA COSTA,Contra Costa County
SAN JOAQUIN RIVER AT VENICE ISLAND,VNI,0,38.050179,-121.496696,SAN JOAQUIN,CA Dept of Water Resources/Operations and Maintenance
SAN JOAQUIN VLY WEST,,,,,,
PANOCHE ROAD,PCH,500,36.636002,-120.639999,FRESNO,CA Dept of Forestry and Fire Protection
KINGS R,,,,,,
BISHOP PASS,BSH,11200,37.099998,-118.556999,FRESNO,CA Dept of Water Resources/DFM-Hydro-SMN
CHARLOTTE LAKE,CRL,10400,36.777523,-118.42601,FRESNO,CA Dept of Water Resources/DFM-Hydro-SMN
SUGARLOAF,SGL,8120,36.726665,-118.675003,TULARE,National Park Service
UPPER BULL,KUB,8073,36.9669,-119.056602,FRESNO,Kings River Water Association
MEADOWBROOK (PG&E),MBR,8021,37.082001,-118.862999,FRESNO,Pacific Gas & Electric
BIG MEADOWS (DWR),BIM,7600,36.715225,-118.843773,TULARE,CA Dept of Water Resources/DFM-Hydro-SMN
PARK RIDGE,PKR,7540,36.724201,-118.942497,FRESNO,National Park Service
WISHON DAM (PG&E),WSD,6550,37.002998,-118.986,FRESNO,Pacific Gas & Electric
DINKEY,DKY,5668,37.066391,-119.039436,FRESNO,US Forest Service
UPPER PROVIDENCE,KUP,5611,37.061001,-119.182999,FRESNO,Kings River Water Association
FENCE MEADOW,FEN,5048,36.960999,-119.175003,FRESNO,US Forest Service
CEDAR GROVE,CGR,4720,36.787998,-118.658997,TULARE,National Park Service
FIVE MILE,FML,4150,35.872002,-117.917999,INYO,US Bureau of Land Management
PINEHURST,PNT,4060,36.68528,-119,FRESNO,US Forest Service
BALCH PH (PG&E),BAL,1720,36.909,-119.088997,FRESNO,Pacific Gas & Electric
TRIMMER,TRI,1540,36.900002,-119.199997,FRESNO,US Forest Service
PINE FLAT DAM,PNF,970,36.833,-119.324997,FRESNO,US Army Corps of Engineers
FANCHER CREEK,FCH,920,36.8839,-119.465797,FRESNO,CA Dept of Forestry and Fire Protection
PINE FLAT WEATHER,PFW,610,36.823601,-119.336899,FRESNO,US Army Corps of Engineers
KAWEAH R,,,,,,
HOCKETT MEADOW (USACE),HCK,8500,36.370998,-118.651001,TULARE,US Army Corps of Engineers
BEAR TRAP MEADOW,BRM,6800,36.675999,-118.858002,TULARE,US Army Corps of Engineers
GIANT FOREST (USACE),GNF,6650,36.562,-118.764999,TULARE,US Army Corps of Engineers
CASE MOUNTAIN,CMA,6450,36.410999,-118.808998,TULARE,US Bureau of Land Management
ATWELL CAMP,ATW,6400,36.464001,-118.630997,TULARE,US Army Corps of Engineers
TERMINUS DAM,TRM,752,36.415001,-119.001999,TULARE,US Army Corps of Engineers
LAKE KAWEAH WEATHER,LKW,570,36.415882,-119.005684,TULARE,US Army Corps of Engineers
TULE R,,,,,,
QUAKING ASPEN,QUA,7200,36.117508,-118.539993,TULARE,CA Dept of Water Resources/DFM-Hydro-SMN
HOSSACK,HSS,7100,36.181,-118.619003,TULARE,US Army Corps of Engineers
EAGLE CREEK,EGL,6700,35.983002,-118.640999,TULARE,US Army Corps of Engineers
ROGERS CAMP,RGC,6200,36.108002,-118.637001,TULARE,US Army Corps of Engineers
MOUNTAIN HOME,MNH,5400,36.242001,-118.709999,TULARE,US Army Corps of Engineers
SPRINGVILLE TULE POWERPLANT,SGV,4070,36.163101,-118.707199,TULARE,Pacific Gas & Electric
SUCCESS DAM,SCC,692,36.061001,-118.921997,TULARE,US Army Corps of Engineers
SUCCESS WEATHER,SCW,590,36.049999,-118.913902,TULARE,US Army Corps of Engineers
KERN R,,,,,,
CRABTREE MEADOW,CBT,10700,36.563683,-118.347946,TULARE,CA Dept of Water Resources/DFM-Hydro-SMN
PASCOES,PSC,9150,35.966999,-118.349998,TULARE,US Army Corps of Engineers
TUNNEL GUARD STATION,TUN,8900,36.366348,-118.289116,TULARE,CA Dept of Water Resources/DFM-Hydro-SMN
BALD MOUNTAIN (KERN CO),BAM,8290,36.02,-118.278999,KERN,Kern County
BEAR PEAK,BRP,8228,35.883999,-118.052002,TULARE,US Bureau of Land Management
BLACKROCK,BKK,8200,36.092999,-118.261002,TULARE,US Forest Service
BEACH MEADOWS,BCH,7650,36.126095,-118.293457,TULARE,CA Dept of Water Resources/DFM-Hydro-SMN
BRECKENRIDGE,BKE,7548,35.4506,-118.5839,KERN,US Bureau of Land Management
MAHOGANY,MAH,7530,36.029999,-118.219002,KERN,Kern County
BIG PINE MEADOW,BPM,7340,35.946999,-118.063004,KERN,Kern County
BURNING MOSCOW,BMC,5920,35.465599,-118.2547,KERN,Kern County
WALKER PASS,WKP,5572,35.665798,-118.0569,KERN,US Bureau of Land Management
PINYON CREEK,PYC,4930,35.557999,-118.142998,KERN,Kern County
FROG SPRINGS,FRG,4000,35.507999,-118.189003,KERN,Kern County
BOB RABBIT,BOB,3848,35.568001,-118.288002,KERN,Kern County
KERN POWER HOUSE INTAKE,FPI,3654,35.945801,-118.47686,KERN,Southern California Edison Company
KERN POWER HOUSE INTAKE,KPI,3654,35.945801,-118.47686,KERN,Southern California Edison Company
PACK SPRING,PKS,3170,35.612999,-118.277,KERN,Kern County
KERNVILLE (USFS),KRN,2720,35.755001,-118.425003,KERN,US Forest Service
KERN PH 3,KP3,2703,35.775902,-118.436058,KERN,"Southern California Edison Company, Big Creek"
ISABELLA WEATHER,IWS,2660,35.645802,-118.476402,KERN,US Army Corps of Engineers
ISABELLA DAM,ISB,2635,35.646,-118.473,KERN,US Army Corps of Engineers
DEMOCRAT,DEM,2356,35.532001,-118.129997,KERN,US Forest Service
KERN CANYON PH (PG&E),KPH,570,35.432999,-118.782997,KERN,Pacific Gas & Electric
FOUNTAIN SPRINGS,FTS,210,35.891102,-118.915604,TULARE,CA Dept of Forestry and Fire Protection
CALIENTE CR,,,,,,
WHITEROCK CREEK,WCK,6650,35.205002,-118.411003,KERN,Kern County
PIUTE PEAK,PPK,6650,35.426998,-118.408997,KERN,Kern County
WATER CANYON,WCN,5760,35.071999,-118.484001,KERN,Kern County
LIME KILN CANYON,LKC,4790,35.09,-118.447998,KERN,Kern County
WALKER BASIN (EAST),WBE,4220,35.383999,-118.412003,KERN,Kern County
BEAR VALLEY,BVY,4000,35.139999,-118.625,KERN,CA Dept of Forestry and Fire Protection
TEHACHAPI AIRPORT,TAP,3890,35.132999,-118.438004,KERN,Kern County
TWEEDY CREEK,TWC,3620,35.221001,-118.471001,KERN,Kern County
BACK CANYON (SOUTH),BCS,3490,35.308998,-118.360001,KERN,Kern County
WALKER BASIN,WBN,3230,35.382,-118.545998,KERN,Kern County
STUD HORSE CANYON,SHC,2970,35.289001,-118.450996,KERN,Kern County
INDIAN CREEK,ICK,2790,35.282001,-118.411003,KERN,Kern County
OIL CANYON,OIL,2690,35.332001,-118.585999,KERN,Kern County
OREJANO CANYON,OCN,2560,35.257999,-118.567001,KERN,Kern County
TULARE LAKE,,,,,,
MILO,MLO,2002,36.231998,-118.871002,TULARE,CA Dept of Forestry and Fire Protection
KETTLEMAN HILLS,KTT,810,36.033001,-120.056999,KINGS,US Bureau of Land Management
LOS GATOS CR (NEAR COALINGA),,,,,,
SPANISH LAKE,SPA,4840,36.262001,-120.526001,FRESNO,CA Dept of Water Resources/Operations and Maintenance
ZAPATO CHINO,ZPC,1150,36.015999,-120.292999,FRESNO,CA Dept of Water Resources
WHITE R,,,,,,
WHITE RIVER NEAR COHO,WRC,1080,35.817001,-118.839996,TULARE,Delano Earlimart Irrigation District
WHITE RIVER AT ROAD 208,WRV,460,35.859001,-119.107002,TULARE,Delano Earlimart Irrigation District
CANTUA CR,,,,,,
JOAQUIN RIDGE,JQN,3640,36.305,-120.402,FRESNO,CA Dept of Water Resources/Operations and Maintenance
JACALITOS CR,,,,,,
MAPEL RANCH,MAP,2640,36.039001,-120.483002,FRESNO,CA Dept of Water Resources/Operations and Maintenance
SURPRISE VALLEY,,,,,,
DISMAL SWAMP,DSS,7050,41.993,-120.165001,MODOC,Natural Resources Conservation Service
SUSAN R,,,,,,
GRASSHOPPER,GRS,6050,40.781666,-120.784447,LASSEN,CA Dept of Forestry and Fire Protection
BOGARD RANGER STATION,BGD,5680,40.59,-121.080002,LASSEN,CA Dept of Forestry and Fire Protection
RAVENDALE,RAV,5298,40.730999,-120.316002,LASSEN,US Forest Service
DOYLE (BLM),DYE,4240,40.021999,-120.106003,LASSEN,CA Dept of Forestry and Fire Protection
TRUCKEE R,,,,,,
BIG MEADOWS (SCS),BMW,8700,39.458,-119.945999,State of Nevada,Natural Resources Conservation Service
INDEPENDENCE LAKE (SCS),IDP,8450,39.435001,-120.321999,NEVADA,Natural Resources Conservation Service
PALISADES TAHOE SNOTEL,SQV,8200,39.194,-120.276001,PLACER,Natural Resources Conservation Service
INDEPENDENCE CAMP,IDC,7000,39.452587,-120.298546,SIERRA,Natural Resources Conservation Service
INDEPENDENCE LAKE NEAR TRUCKEE,INP,6921,39.452,-120.290001,SIERRA,US Geological Survey
STAMPEDE (USFS),SPL,6867,39.483002,-120.054001,SIERRA,CA Dept of Forestry and Fire Protection
INDEPENDENCE CREEK,INN,6500,39.493999,-120.292999,SIERRA,Natural Resources Conservation Service
TRUCKEE 2,TK2,6400,39.299999,-120.194,PLACER,Natural Resources Conservation Service
LAKE TAHOE AT TAHOE CITY,THC,6230,39.181999,-120.119003,PLACER,USGS/DWR
STAMPEDE,STP,5956,39.471001,-120.102997,SIERRA,US Geological Survey
DONNER LAKE,DNN,5945,39.322777,-120.264397,NEVADA,US Geological Survey
TRUCKEE RIVER AT TAHOE CITY,TTC,5930,39.166294,-120.144356,PLACER,US Geological Survey
MARTIS POOL,MTL,5858,39.326698,-120.113297,NEVADA,US Army Corps of Engineers
MARTIS CREEK RESERVOIR,MRT,5745,39.327,-120.112999,NEVADA,US Army Corps of Engineers
PROSSER CREEK RESERVOIR,PRS,5622,39.379398,-120.136703,NEVADA,US Bureau of Reclamation
BOCA RESERVOIR,BOC,5521,39.388,-120.095001,NEVADA,US Bureau of Reclamation
TRUCKEE RIVER AT FARAD,FAR,5153,39.427963,-120.034088,NEVADA,US Geological Survey
LAKE TAHOE,,,,,,
MOUNT ROSE SKI AREA,MSK,8900,39.326,-119.902,State of Nevada,Natural Resources Conservation Service
HEAVENLY VALLEY,HVN,8800,38.929001,-119.917,EL DORADO,Natural Resources Conservation Service
HAGANS MEADOW,HGM,8000,38.853001,-119.940002,EL DORADO,Natural Resources Conservation Service
MARLETTE LAKE,MRL,8000,39.173,-119.904999,State of Nevada,Natural Resources Conservation Service
ECHO PEAK 5,EP5,7800,38.848999,-120.079002,EL DORADO,Natural Resources Conservation Service
RUBICON PEAK 2,RP2,7500,39.000999,-120.139999,EL DORADO,Natural Resources Conservation Service
WARD CREEK 3,WC3,6750,39.135574,-120.218681,PLACER,Natural Resources Conservation Service
TAHOE CITY CROSS,TCC,6750,39.17144,-120.154655,PLACER,Natural Resources Conservation Service
FALLEN LEAF LAKE,FLL,6250,38.931999,-120.056,EL DORADO,Natural Resources Conservation Service
CARSON R,,,,,,
HAWKINS PEAK,X08,8800,38.7425,-119.852379,ALPINE,CA Dept of Water Resources/DFM-Hydro-SMN
EBBETTS PASS,EBB,8700,38.561001,-119.807999,ALPINE,Natural Resources Conservation Service
HORSE MEADOW (NRCS),HOR,8557,38.836498,-119.887299,ALPINE,Natural Resources Conservation Service
MONITOR PASS,MNT,8350,38.669998,-119.614998,ALPINE,Natural Resources Conservation Service
BURNSIDE LAKE,BSK,8129,38.719398,-119.894203,ALPINE,Natural Resources Conservation Service
FORESTDALE CREEK,FDC,8017,38.6824,-119.959702,ALPINE,Natural Resources Conservation Service
POISON FLAT,PSN,7900,38.500999,-119.630997,ALPINE,Natural Resources Conservation Service
SPRATT CREEK,SPT,6150,38.666271,-119.817421,ALPINE,Natural Resources Conservation Service
WALKER R,,,,,,
LEAVITT LAKE,LVT,9600,38.282001,-119.621002,MONO,Natural Resources Conservation Service
SUMMIT MEADOW,SDW,9313,38.397499,-119.535599,MONO,Natural Resources Conservation Service
VIRGINIA LAKES RIDGE,VRG,9300,38.077,-119.234001,MONO,Natural Resources Conservation Service
LOBDELL LAKE,LBD,9200,38.439999,-119.376999,MONO,Natural Resources Conservation Service
SONORA PASS BRIDGE,SPS,8750,38.318001,-119.600998,MONO,Natural Resources Conservation Service
LEAVITT MEADOWS,LVM,7200,38.305,-119.552002,MONO,Natural Resources Conservation Service
BRIDGEPORT,BPT,6650,38.271999,-119.289001,MONO,US Forest Service
MONO LAKE,,,,,,
GEM PASS,GEM,10750,37.779999,-119.169998,MONO,CA Dept of Water Resources/DFM-Hydro-SMN
ELLERY LAKE,ERY,9645,37.934967,-119.232201,MONO,CA Dept of Water Resources/DFM-Hydro-SMN
JUNE MOUNTAIN WEATHER PLOT,JMW,9220,37.75441,-119.077812,MONO,"Southern California Edison Company, Bishop"
RUSH CREEK POWER HOUSE,RSH,7240,37.769001,-119.130997,MONO,US Forest Service
OVD #1 RAWS NEAR BISHOP 2N,OVD,7200,37.860279,-119.096664,MONO,US Bureau of Land Management
OWENS R,,,,,,
COTTONWOOD LAKES,CWD,10150,36.483829,-118.177559,INYO,CA Dept of Water Resources/DFM-Hydro-SMN
SOUTH LAKE,SLK,9600,37.175903,-118.56266,INYO,CA Dept of Water Resources/DFM-Hydro-SMN
MAMMOTH PASS (USBR),MHP,9300,37.6124,-119.031746,MONO,US Bureau of Reclamation
CRESTVIEW,CVW,7600,37.744999,-118.983002,MONO,US Forest Service
ROCK CREEK NEAR MAMMOTH LAKES,RKC,7040,37.550999,-118.667,MONO,US Forest Service
BENTON,BTN,5450,37.842999,-118.477997,MONO,CA Dept of Forestry and Fire Protection
OAK CREEK,OAC,4855,36.842999,-118.259003,INYO,CA Dept of Forestry and Fire Protection
OWENS VALLEY,OVC,4640,37.389999,-118.550003,INYO,CA Dept of Forestry and Fire Protection
CHINA LAKE,,,,,,
LAURAL MOUNTAIN,LRM,4390,35.478298,-117.699203,KERN,US Bureau of Land Management
AMARGOSA R,,,,,,
PANAMINT,PAN,6880,36.117001,-117.083,INYO,US Bureau of Land Management
MOJAVE DESERT,,,,,,
PIUTES FS,PTE,6440,35.445599,-118.2789,KERN,US Bureau of Land Management
ROCK CAMP,RCM,4924,34.287998,-117.212997,SAN BERNARDINO,US Forest Service
JAWBONE,JWB,4300,35.294998,-118.225998,KERN,CA Dept of Forestry and Fire Protection
INDIAN WELLS CANYON,IWC,4000,35.685001,-117.889397,KERN,US Bureau of Land Management
SANDBERG ALERT,SBE,3635,34.746387,-118.723892,LOS ANGELES,Los Angeles County
RED MOUNTAIN,SWS,3620,35.368301,-117.570297,SAN BERNARDINO,US Bureau of Land Management
HUNGRY VALLEY FIRE STATION 77,HVF,3459,34.759445,-118.796944,LOS ANGELES,Los Angeles County
PINE CANYON PATROL STATION,PNY,3400,34.673332,-118.428886,LOS ANGELES,Los Angeles County
LAKE PALMDALE,LPA,2980,34.537201,-118.101402,LOS ANGELES,Los Angeles County Fire Dept
BORON,BRN,2893,35.094002,-117.582001,SAN BERNARDINO,CA Dept of Forestry and Fire Protection
MOJAVE R,,,,,,
GRANITE MOUNTAIN,GAM,4690,34.535999,-117.026001,SAN BERNARDINO,US Bureau of Land Management
MOJAVE RIVER SINK,MOJ,950,35.057999,-116.083,SAN BERNARDINO,US Bureau of Land Management
MOJAVE R DAM,MJD,47,34.342499,-117.235001,SAN BERNARDINO,US Army Corps of Engineers
COLORADO R,,,,,,
RICE VALLEY,RIC,831,34.060749,-114.732277,RIVERSIDE,US Bureau of Land Management
BUTTERCUP,BUT,320,32.740002,-114.884003,IMPERIAL,US Bureau of Land Management
SENATOR WASH,SQK,300,32.908001,-114.494003,IMPERIAL,US Bureau of Land Management
CAHUILLA,CAU,278,32.973999,-115.174004,IMPERIAL,US Bureau of Land Management
WHITEWATER R,,,,,,
BURNS CANYON,BNY,6000,34.208,-116.621696,SAN BERNARDINO,CA Dept of Forestry and Fire Protection
LOST HORSE,LTH,4100,34.016998,-116.182999,RIVERSIDE,National Park Service
YUCCA VALLEY,YUC,3100,34.123001,-116.407997,SAN BERNARDINO,CA Dept of Forestry and Fire Protection
MEANS LAKE,MNS,2900,34.390999,-116.516998,SAN BERNARDINO,US Bureau of Land Management
WEST SALTON SEA,,,,,,
FISH CREEK MOUNTAINS,FIS,760,32.983002,-116.057999,IMPERIAL,US Bureau of Land Management
NONE SPECIFIED,,,,,,
CATALINA,CNA,1407,33.35078,-118.352249,LOS ANGELES,Los Angeles County Fire Dept